caso_id,tipo_entidad,entidad_id,cliente_id,tipo_alerta,detalle_alerta,fecha_generacion,analista_asignado,fecha_asignacion,fecha_cierre,horas_invertidas,prioridad,resultado,es_caso_verdadero_ground_truth
1,Cliente,5,5,Estructuracion,"Cuenta 5: 7 depositos en efectivo en ventana de 10 dias, $975551.89 MXN acumulados",2025-11-12 03:35:35.444985,Ana Beltran,2025-11-14 02:35:35.444985,2025-11-14 14:35:35.444985,3.55,Alta,Cliente Contactado - Aclarado,t
2,Cliente,27,27,Estructuracion,"Cuenta 27: 7 depositos en efectivo en ventana de 10 dias, $962417.32 MXN acumulados",2026-01-13 10:35:35.444985,Karina Solis,2026-01-14 22:35:35.444985,2026-01-25 22:35:35.444985,7.22,Alta,Escalado a EDD,t
3,Cliente,141,141,Estructuracion,"Cuenta 141: 12 depositos en efectivo en ventana de 10 dias, $1626791.50 MXN acumulados",2025-10-30 04:35:35.444985,Roberto Quintana,2025-10-30 11:35:35.444985,2025-11-16 11:35:35.444985,7.28,Alta,Confirmado - Aviso a UIF,t
4,Cliente,157,157,Estructuracion,"Cuenta 157: 13 depositos en efectivo en ventana de 10 dias, $1749596.30 MXN acumulados",2025-12-22 04:35:35.444985,Diego Cazares,2025-12-22 23:35:35.444985,2025-12-23 10:35:35.444985,3.45,Alta,Cliente Contactado - Aclarado,t
5,Cliente,165,165,Estructuracion,"Cuenta 165: 8 depositos en efectivo en ventana de 10 dias, $1081992.47 MXN acumulados",2026-04-18 04:35:35.444985,Luis Pantoja,2026-04-20 02:35:35.444985,2026-04-26 02:35:35.444985,3.50,Alta,Confirmado - Aviso a UIF,t
6,Cliente,206,206,Estructuracion,"Cuenta 206: 8 depositos en efectivo en ventana de 10 dias, $1059103.31 MXN acumulados",2025-12-21 08:35:35.444985,Roberto Quintana,2025-12-22 17:35:35.444985,2025-12-29 17:35:35.444985,5.13,Alta,Escalado a EDD,t
7,Cliente,207,207,Estructuracion,"Cuenta 207: 7 depositos en efectivo en ventana de 10 dias, $998004.90 MXN acumulados",2026-03-25 03:35:35.444985,Karina Solis,2026-03-26 13:35:35.444985,2026-04-10 13:35:35.444985,6.65,Alta,Confirmado - Aviso a UIF,t
8,Cliente,362,362,Estructuracion,"Cuenta 362: 7 depositos en efectivo en ventana de 10 dias, $944793.31 MXN acumulados",2026-03-19 07:35:35.444985,Fernanda Ibarra,2026-03-19 13:35:35.444985,2026-03-20 08:35:35.444985,4.47,Alta,Cliente Contactado - Aclarado,t
9,Cliente,497,497,Estructuracion,"Cuenta 497: 8 depositos en efectivo en ventana de 10 dias, $1108459.06 MXN acumulados",2025-11-11 04:35:35.444985,Ana Beltran,2025-11-12 18:35:35.444985,2025-11-29 18:35:35.444985,7.18,Alta,Confirmado - Aviso a UIF,t
10,Cliente,513,513,Estructuracion,"Cuenta 513: 8 depositos en efectivo en ventana de 10 dias, $1111988.79 MXN acumulados",2026-03-01 10:35:35.444985,Luis Pantoja,2026-03-01 12:35:35.444985,2026-03-01 18:35:35.444985,5.26,Alta,Falso Positivo,t
11,Cliente,547,547,Estructuracion,"Cuenta 547: 7 depositos en efectivo en ventana de 10 dias, $931656.04 MXN acumulados",2025-11-21 07:35:35.444985,Karina Solis,2025-11-21 09:35:35.444985,2025-11-23 06:35:35.444985,7.71,Alta,Cliente Contactado - Aclarado,t
12,Cliente,575,575,Estructuracion,"Cuenta 575: 8 depositos en efectivo en ventana de 10 dias, $1062270.65 MXN acumulados",2026-01-02 09:35:35.444985,Luis Pantoja,2026-01-02 19:35:35.444985,2026-01-04 17:35:35.444985,7.86,Alta,Cliente Contactado - Aclarado,t
13,Cliente,650,650,Estructuracion,"Cuenta 650: 8 depositos en efectivo en ventana de 10 dias, $1106792.37 MXN acumulados",2026-01-04 10:35:35.444985,Luis Pantoja,2026-01-06 09:35:35.444985,2026-01-07 07:35:35.444985,4.80,Alta,Cliente Contactado - Aclarado,t
14,Cliente,656,656,Estructuracion,"Cuenta 656: 8 depositos en efectivo en ventana de 10 dias, $1090066.75 MXN acumulados",2026-01-06 07:35:35.444985,Fernanda Ibarra,2026-01-06 15:35:35.444985,2026-01-15 15:35:35.444985,6.25,Alta,Escalado a EDD,t
15,Cliente,665,665,Estructuracion,"Cuenta 665: 8 depositos en efectivo en ventana de 10 dias, $1087128.54 MXN acumulados",2026-04-14 08:35:35.444985,Roberto Quintana,2026-04-15 13:35:35.444985,2026-04-25 13:35:35.444985,6.65,Alta,Escalado a EDD,t
16,Cliente,786,786,Estructuracion,"Cuenta 786: 15 depositos en efectivo en ventana de 10 dias, $2024671.85 MXN acumulados",2026-03-23 03:35:35.444985,Fernanda Ibarra,2026-03-24 12:35:35.444985,2026-03-24 21:35:35.444985,6.99,Alta,Falso Positivo,t
17,Cliente,294,294,Pais Sancionado OFAC,Transaccion 23249 de $397863.52 MXN con Iran,2026-04-07 03:35:35.45342,Fernanda Ibarra,2026-04-07 10:35:35.45342,2026-04-10 10:35:35.45342,2.22,Critica,Escalado a EDD,t
18,Cliente,484,484,Pais Sancionado OFAC,Transaccion 23250 de $407629.81 MXN con Venezuela,2026-08-28 03:35:35.45342,Ana Beltran,2026-08-29 20:35:35.45342,2026-08-30 03:35:35.45342,4.24,Critica,Falso Positivo,t
19,Cliente,554,554,Pais Sancionado OFAC,Transaccion 23251 de $297019.07 MXN con Myanmar,2026-09-03 03:35:35.45342,Karina Solis,2026-09-04 22:35:35.45342,2026-09-06 06:35:35.45342,4.43,Critica,Cliente Contactado - Aclarado,t
20,Cliente,298,298,Pais Sancionado OFAC,Transaccion 23252 de $438796.48 MXN con Rusia,2025-12-10 03:35:35.45342,Roberto Quintana,2025-12-10 06:35:35.45342,2025-12-12 01:35:35.45342,5.57,Critica,Cliente Contactado - Aclarado,t
21,Cliente,611,611,Pais Sancionado OFAC,Transaccion 23253 de $276593.02 MXN con Iran,2026-06-26 03:35:35.45342,Fernanda Ibarra,2026-06-27 10:35:35.45342,2026-06-28 06:35:35.45342,3.21,Critica,Cliente Contactado - Aclarado,t
22,Cliente,355,355,Pais Sancionado OFAC,Transaccion 23254 de $97755.83 MXN con Myanmar,2025-12-19 03:35:35.45342,Roberto Quintana,2025-12-19 11:35:35.45342,2025-12-31 11:35:35.45342,5.60,Critica,Escalado a EDD,t
23,Cliente,216,216,Pais Sancionado OFAC,Transaccion 23255 de $400650.08 MXN con Myanmar,2026-01-21 03:35:35.45342,Karina Solis,2026-01-21 15:35:35.45342,2026-01-31 15:35:35.45342,4.94,Critica,Escalado a EDD,t
24,Cliente,197,197,Pais Sancionado OFAC,Transaccion 23256 de $421602.46 MXN con Venezuela,2026-04-15 03:35:35.45342,Karina Solis,2026-04-15 23:35:35.45342,2026-04-29 23:35:35.45342,4.43,Critica,Confirmado - Aviso a UIF,t
25,Cliente,176,176,Pais Sancionado OFAC,Transaccion 23257 de $456559.05 MXN con Corea del Norte,2026-05-29 03:35:35.45342,Roberto Quintana,2026-05-29 09:35:35.45342,2026-06-09 09:35:35.45342,3.86,Critica,Confirmado - Aviso a UIF,t
26,Cliente,702,702,Pais Sancionado OFAC,Transaccion 23258 de $175130.19 MXN con Myanmar,2026-08-30 03:35:35.45342,Luis Pantoja,2026-08-31 02:35:35.45342,2026-09-01 20:35:35.45342,5.41,Critica,Cliente Contactado - Aclarado,t
27,Cliente,526,526,Pais Sancionado OFAC,Transaccion 23259 de $33608.60 MXN con Rusia,2025-12-31 03:35:35.45342,Luis Pantoja,2026-01-01 12:35:35.45342,2026-01-06 12:35:35.45342,2.20,Critica,Confirmado - Aviso a UIF,t
28,Cliente,513,513,Pais Sancionado OFAC,Transaccion 23260 de $120899.87 MXN con Venezuela,2026-09-19 03:35:35.45342,Fernanda Ibarra,2026-09-20 22:35:35.45342,2026-09-22 06:35:35.45342,4.48,Critica,Cliente Contactado - Aclarado,t
29,Cliente,523,523,Pais Sancionado OFAC,Transaccion 23261 de $438986.42 MXN con Myanmar,2026-02-12 03:35:35.45342,Roberto Quintana,2026-02-12 17:35:35.45342,2026-02-23 17:35:35.45342,3.86,Critica,Confirmado - Aviso a UIF,t
30,Cliente,623,623,Pais Sancionado OFAC,Transaccion 23262 de $36661.07 MXN con Myanmar,2026-07-24 03:35:35.45342,Luis Pantoja,2026-07-24 16:35:35.45342,2026-07-25 20:35:35.45342,4.07,Critica,Cliente Contactado - Aclarado,t
31,Cliente,129,129,Monto Inusual,Transaccion 23274 de $241041.29 MXN (z-score 4.93 vs promedio $26287.58),2026-07-07 03:35:35.456454,Diego Cazares,2026-07-08 04:35:35.456454,2026-07-09 03:35:35.456454,1.76,Media,Cliente Contactado - Aclarado,t
32,Cliente,142,142,Monto Inusual,Transaccion 23268 de $3222041.65 MXN (z-score 4.56 vs promedio $272350.95),2026-07-11 03:35:35.456454,Ana Beltran,2026-07-12 08:35:35.456454,2026-07-24 08:35:35.456454,2.94,Media,Escalado a EDD,t
33,Cliente,201,201,Monto Inusual,Transaccion 23264 de $272761.59 MXN (z-score 4.98 vs promedio $18053.24),2026-06-17 03:35:35.456454,Ana Beltran,2026-06-17 09:35:35.456454,2026-06-17 12:35:35.456454,1.29,Media,Falso Positivo,t
34,Cliente,216,216,Monto Inusual,Transaccion 23255 de $400650.08 MXN (z-score 4.68 vs promedio $24497.05),2026-01-21 03:35:35.45342,Fernanda Ibarra,2026-01-22 07:35:35.45342,2026-01-24 05:35:35.45342,2.91,Media,Cliente Contactado - Aclarado,f
35,Cliente,298,298,Monto Inusual,Transaccion 23252 de $438796.48 MXN (z-score 5.00 vs promedio $24551.51),2025-12-10 03:35:35.45342,Fernanda Ibarra,2025-12-10 12:35:35.45342,2025-12-10 19:35:35.45342,2.10,Media,Falso Positivo,f
36,Cliente,355,355,Monto Inusual,Transaccion 23254 de $97755.83 MXN (z-score 4.93 vs promedio $10740.57),2025-12-19 03:35:35.45342,Diego Cazares,2025-12-20 01:35:35.45342,2025-12-20 12:35:35.45342,3.00,Media,Falso Positivo,f
37,Cliente,356,356,Monto Inusual,Transaccion 23267 de $199343.90 MXN (z-score 4.57 vs promedio $14772.34),2026-08-10 03:35:35.456454,Luis Pantoja,2026-08-11 17:35:35.456454,2026-08-22 17:35:35.456454,2.64,Media,Escalado a EDD,t
38,Cliente,484,484,Monto Inusual,Transaccion 23250 de $407629.81 MXN (z-score 4.99 vs promedio $25924.27),2026-08-28 03:35:35.45342,Luis Pantoja,2026-08-28 06:35:35.45342,2026-08-29 13:35:35.45342,2.17,Media,Cliente Contactado - Aclarado,f
39,Cliente,523,523,Monto Inusual,Transaccion 23261 de $438986.42 MXN (z-score 4.74 vs promedio $64365.85),2026-02-12 03:35:35.45342,Ana Beltran,2026-02-12 17:35:35.45342,2026-02-12 21:35:35.45342,1.50,Media,Falso Positivo,f
40,Cliente,526,526,Monto Inusual,Transaccion 23259 de $33608.60 MXN (z-score 5.10 vs promedio $1405.75),2025-12-31 03:35:35.45342,Luis Pantoja,2025-12-31 21:35:35.45342,2026-01-02 03:35:35.45342,2.11,Media,Cliente Contactado - Aclarado,f
41,Cliente,580,580,Monto Inusual,Transaccion 23273 de $90895.40 MXN (z-score 4.61 vs promedio $9163.24),2026-08-10 03:35:35.456454,Karina Solis,2026-08-10 20:35:35.456454,2026-08-29 20:35:35.456454,2.91,Media,Confirmado - Aviso a UIF,t
42,Cliente,611,611,Monto Inusual,Transaccion 23253 de $276593.02 MXN (z-score 4.57 vs promedio $19154.24),2026-06-26 03:35:35.45342,Ana Beltran,2026-06-27 08:35:35.45342,2026-06-27 13:35:35.45342,1.66,Media,Falso Positivo,f
43,Cliente,619,619,Monto Inusual,Transaccion 23272 de $137417.11 MXN (z-score 4.78 vs promedio $10507.11),2026-06-06 03:35:35.456454,Luis Pantoja,2026-06-06 21:35:35.456454,2026-06-17 21:35:35.456454,2.74,Media,Escalado a EDD,t
44,Cliente,649,649,Monto Inusual,Transaccion 23269 de $187333.09 MXN (z-score 4.97 vs promedio $13209.78),2026-08-14 03:35:35.456454,Fernanda Ibarra,2026-08-15 06:35:35.456454,2026-08-16 07:35:35.456454,1.90,Media,Cliente Contactado - Aclarado,t
45,Cliente,757,757,Monto Inusual,Transaccion 23270 de $6020086.51 MXN (z-score 4.56 vs promedio $445510.76),2026-09-01 03:35:35.456454,Diego Cazares,2026-09-01 15:35:35.456454,2026-09-04 15:35:35.456454,1.02,Media,Escalado a EDD,t
46,Cliente,78,78,Velocidad Alta,Cuenta 78: 9 transacciones en 15 minutos,2026-03-24 03:35:35.463406,Ana Beltran,2026-03-24 21:35:35.463406,2026-03-26 04:35:35.463406,2.76,Media,Cliente Contactado - Aclarado,t
47,Cliente,642,642,Velocidad Alta,Cuenta 642: 8 transacciones en 15 minutos,2026-03-26 03:35:35.463406,Roberto Quintana,2026-03-27 11:35:35.463406,2026-03-31 11:35:35.463406,1.47,Media,Escalado a EDD,t
48,Cliente,409,409,Velocidad Alta,Cuenta 409: 7 transacciones en 15 minutos,2026-07-06 03:35:35.463406,Diego Cazares,2026-07-07 15:35:35.463406,2026-07-09 10:35:35.463406,3.65,Media,Cliente Contactado - Aclarado,t
49,Cliente,147,147,Velocidad Alta,Cuenta 147: 8 transacciones en 15 minutos,2026-07-31 03:35:35.463406,Karina Solis,2026-08-01 03:35:35.463406,2026-08-01 15:35:35.463406,1.30,Media,Cliente Contactado - Aclarado,t
50,Cliente,191,191,Velocidad Alta,Cuenta 191: 9 transacciones en 15 minutos,2026-09-02 03:35:35.463406,Fernanda Ibarra,2026-09-04 02:35:35.463406,2026-09-10 02:35:35.463406,1.27,Media,Confirmado - Aviso a UIF,t
51,Cliente,722,722,Velocidad Alta,Cuenta 722: 7 transacciones en 15 minutos,2026-04-29 03:35:35.463406,Ana Beltran,2026-04-30 09:35:35.463406,2026-04-30 11:35:35.463406,1.12,Media,Falso Positivo,t
52,Cliente,290,290,Velocidad Alta,Cuenta 290: 8 transacciones en 15 minutos,2026-03-13 03:35:35.463406,Karina Solis,2026-03-14 06:35:35.463406,2026-03-14 16:35:35.463406,3.66,Media,Falso Positivo,t
53,Cliente,250,250,Velocidad Alta,Cuenta 250: 9 transacciones en 15 minutos,2026-06-30 03:35:35.463406,Karina Solis,2026-07-01 23:35:35.463406,2026-07-12 23:35:35.463406,2.38,Media,Confirmado - Aviso a UIF,t
54,Cliente,570,570,Velocidad Alta,Cuenta 570: 7 transacciones en 15 minutos,2026-04-19 03:35:35.463406,Luis Pantoja,2026-04-20 18:35:35.463406,2026-04-30 18:35:35.463406,2.11,Media,Confirmado - Aviso a UIF,t
55,Cliente,360,360,Velocidad Alta,Cuenta 360: 8 transacciones en 15 minutos,2026-04-30 03:35:35.463406,Diego Cazares,2026-05-02 02:35:35.463406,2026-05-03 05:35:35.463406,2.49,Media,Cliente Contactado - Aclarado,t
56,Cliente,319,319,Velocidad Alta,Cuenta 319: 7 transacciones en 15 minutos,2026-03-13 03:35:35.463406,Diego Cazares,2026-03-14 19:35:35.463406,2026-03-27 19:35:35.463406,2.76,Media,Confirmado - Aviso a UIF,t
57,Cliente,787,787,Velocidad Alta,Cuenta 787: 9 transacciones en 15 minutos,2026-06-15 03:35:35.463406,Karina Solis,2026-06-16 10:35:35.463406,2026-06-16 17:35:35.463406,2.79,Media,Falso Positivo,t
58,Socio,14,67,UBO en Lista Negra,"Socio ""Maria Hernandez"" (17.48%) nacionalidad Mexico",2026-09-20 03:37:51.232336,Diego Cazares,2026-09-21 15:37:51.232336,2026-09-21 22:37:51.232336,7.39,Critica,Falso Positivo,t
59,Socio,22,84,UBO en Lista Negra,"Socio ""Juan Martinez"" (61.65%) nacionalidad Mexico",2026-09-20 03:37:51.232336,Roberto Quintana,2026-09-20 22:37:51.232336,2026-10-09 22:37:51.232336,9.69,Critica,Confirmado - Aviso a UIF,t
60,Socio,44,196,UBO en Lista Negra,"Socio ""Juan Lopez"" (18.16%) nacionalidad Mexico",2026-09-20 03:37:51.232336,Karina Solis,2026-09-21 18:37:51.232336,2026-09-22 04:37:51.232336,9.34,Critica,Falso Positivo,t
61,Socio,83,294,UBO en Lista Negra,"Socio ""Luis Flores"" (21.10%) nacionalidad Mexico",2026-09-20 03:37:51.232336,Ana Beltran,2026-09-20 21:37:51.232336,2026-09-22 06:37:51.232336,7.82,Critica,Cliente Contactado - Aclarado,t
62,Socio,103,422,UBO en Lista Negra,"Socio ""Carlos Flores"" (24.42%) nacionalidad Mexico",2026-09-20 03:37:51.232336,Karina Solis,2026-09-21 11:37:51.232336,2026-09-24 11:37:51.232336,4.55,Critica,Escalado a EDD,t
63,Socio,101,422,UBO en Lista Negra,"Socio ""Juan Sanchez"" (55.99%) nacionalidad Mexico",2026-09-20 03:37:51.232336,Diego Cazares,2026-09-21 20:37:51.232336,2026-09-24 20:37:51.232336,4.01,Critica,Escalado a EDD,t
64,Socio,177,669,UBO en Lista Negra,"Socio ""Ana Ramirez"" (16.54%) nacionalidad Mexico",2026-09-20 03:37:51.232336,Roberto Quintana,2026-09-21 07:37:51.232336,2026-09-22 07:37:51.232336,6.47,Critica,Cliente Contactado - Aclarado,t
65,Socio,183,688,UBO en Lista Negra,"Socio ""Juan Sanchez"" (63.33%) nacionalidad Mexico",2026-09-20 03:37:51.232336,Ana Beltran,2026-09-20 07:37:51.232336,2026-09-30 07:37:51.232336,6.06,Critica,Confirmado - Aviso a UIF,t
66,Socio,195,714,UBO en Lista Negra,"Socio ""Fernanda Gonzalez"" (48.46%) nacionalidad Mexico",2026-09-20 03:37:51.232336,Roberto Quintana,2026-09-21 07:37:51.232336,2026-09-22 02:37:51.232336,5.67,Critica,Cliente Contactado - Aclarado,t
67,Cliente,257,257,Posible Prestanombres,Dispositivo DEV-6375A9E327 compartido con 2 cliente(s) mas; flujo = 6.64x el ingreso anual declarado,2026-09-20 03:37:51.232336,Ana Beltran,2026-09-21 21:37:51.232336,2026-10-08 21:37:51.232336,10.94,Alta,Confirmado - Aviso a UIF,t
68,Cliente,749,749,Posible Prestanombres,Dispositivo DEV-6375A9E327 compartido con 2 cliente(s) mas; flujo = 0.83x el ingreso anual declarado,2026-09-20 03:37:51.232336,Luis Pantoja,2026-09-21 11:37:51.232336,2026-09-26 11:37:51.232336,7.00,Alta,Escalado a EDD,t
69,Cliente,680,680,Posible Prestanombres,Dispositivo DEV-6375A9E327 compartido con 2 cliente(s) mas; flujo = 1.82x el ingreso anual declarado,2026-09-20 03:37:51.232336,Diego Cazares,2026-09-21 06:37:51.232336,2026-10-03 06:37:51.232336,11.53,Alta,Escalado a EDD,t
70,Cliente,388,388,Posible Prestanombres,Dispositivo DEV-DF848207CB compartido con 2 cliente(s) mas; flujo = 1.30x el ingreso anual declarado,2026-09-20 03:37:51.232336,Roberto Quintana,2026-09-21 01:37:51.232336,2026-10-01 01:37:51.232336,7.40,Alta,Confirmado - Aviso a UIF,t
71,Cliente,491,491,Posible Prestanombres,Dispositivo DEV-1779150245 compartido con 2 cliente(s) mas; flujo = 2.50x el ingreso anual declarado,2026-09-20 03:37:51.232336,Ana Beltran,2026-09-21 08:37:51.232336,2026-10-02 08:37:51.232336,8.17,Alta,Confirmado - Aviso a UIF,t
72,Cliente,577,577,Posible Prestanombres,Dispositivo DEV-1779150245 compartido con 2 cliente(s) mas; flujo = 1.17x el ingreso anual declarado,2026-09-20 03:37:51.232336,Karina Solis,2026-09-20 14:37:51.232336,2026-09-24 14:37:51.232336,5.87,Alta,Escalado a EDD,t
73,Cliente,146,146,Posible Prestanombres,Dispositivo DEV-CABED14068 compartido con 2 cliente(s) mas; flujo = 2.32x el ingreso anual declarado,2026-09-20 03:37:51.232336,Karina Solis,2026-09-20 17:37:51.232336,2026-10-01 17:37:51.232336,10.84,Alta,Escalado a EDD,t
74,Cliente,396,396,Posible Prestanombres,Dispositivo DEV-DF848207CB compartido con 2 cliente(s) mas; flujo = 1.67x el ingreso anual declarado,2026-09-20 03:37:51.232336,Karina Solis,2026-09-21 10:37:51.232336,2026-10-08 10:37:51.232336,10.68,Alta,Confirmado - Aviso a UIF,t
75,Cliente,451,451,Posible Prestanombres,Dispositivo DEV-1779150245 compartido con 2 cliente(s) mas; flujo = 2.21x el ingreso anual declarado,2026-09-20 03:37:51.232336,Roberto Quintana,2026-09-20 12:37:51.232336,2026-10-01 12:37:51.232336,7.95,Alta,Confirmado - Aviso a UIF,t
76,Cliente,590,590,Posible Prestanombres,Dispositivo DEV-DF848207CB compartido con 2 cliente(s) mas; flujo = 0.89x el ingreso anual declarado,2026-09-20 03:37:51.232336,Diego Cazares,2026-09-21 20:37:51.232336,2026-09-23 02:37:51.232336,8.88,Alta,Cliente Contactado - Aclarado,t
77,Cliente,223,223,Posible Prestanombres,Dispositivo DEV-CABED14068 compartido con 2 cliente(s) mas; flujo = 1.21x el ingreso anual declarado,2026-09-20 03:37:51.232336,Diego Cazares,2026-09-20 06:37:51.232336,2026-10-02 06:37:51.232336,11.59,Alta,Escalado a EDD,t
78,Cliente,94,94,Posible Prestanombres,Dispositivo DEV-CABED14068 compartido con 2 cliente(s) mas; flujo = 1.25x el ingreso anual declarado,2026-09-20 03:37:51.232336,Fernanda Ibarra,2026-09-21 07:37:51.232336,2026-10-05 07:37:51.232336,9.48,Alta,Confirmado - Aviso a UIF,t
79,Cliente,127,127,Credential Stuffing / Fuerza Bruta,17 intentos fallidos desde 17 IPs en 20 min -- HUBO acceso exitoso despues (posible cuenta comprometida),2026-05-25 03:36:37.893099,Karina Solis,2026-05-26 16:36:37.893099,2026-06-02 16:36:37.893099,1.89,Critica,Escalado a EDD,t
80,Cliente,177,177,Credential Stuffing / Fuerza Bruta,17 intentos fallidos desde 17 IPs en 20 min,2026-05-24 03:36:34.004435,Karina Solis,2026-05-25 07:36:34.004435,2026-05-25 10:36:34.004435,1.25,Alta,Falso Positivo,t
81,Cliente,195,195,Credential Stuffing / Fuerza Bruta,17 intentos fallidos desde 17 IPs en 20 min,2026-07-05 03:36:49.112294,Fernanda Ibarra,2026-07-05 18:36:49.112294,2026-07-12 18:36:49.112294,1.89,Alta,Escalado a EDD,t
82,Cliente,209,209,Credential Stuffing / Fuerza Bruta,18 intentos fallidos desde 18 IPs en 20 min -- HUBO acceso exitoso despues (posible cuenta comprometida),2026-06-10 03:36:01.594231,Roberto Quintana,2026-06-11 09:36:01.594231,2026-06-21 09:36:01.594231,1.78,Critica,Confirmado - Aviso a UIF,t
83,Cliente,219,219,Credential Stuffing / Fuerza Bruta,21 intentos fallidos desde 21 IPs en 20 min,2026-05-02 03:36:38.272295,Ana Beltran,2026-05-02 09:36:38.272295,2026-05-14 09:36:38.272295,2.88,Alta,Escalado a EDD,t
84,Cliente,239,239,Credential Stuffing / Fuerza Bruta,16 intentos fallidos desde 16 IPs en 20 min -- HUBO acceso exitoso despues (posible cuenta comprometida),2026-07-06 03:36:19.543798,Ana Beltran,2026-07-06 10:36:19.543798,2026-07-07 10:36:19.543798,1.81,Critica,Cliente Contactado - Aclarado,t
85,Cliente,240,240,Credential Stuffing / Fuerza Bruta,17 intentos fallidos desde 17 IPs en 20 min -- HUBO acceso exitoso despues (posible cuenta comprometida),2026-08-24 03:36:30.799974,Luis Pantoja,2026-08-24 16:36:30.799974,2026-09-05 16:36:30.799974,2.88,Critica,Escalado a EDD,t
86,Cliente,264,264,Credential Stuffing / Fuerza Bruta,17 intentos fallidos desde 17 IPs en 20 min -- HUBO acceso exitoso despues (posible cuenta comprometida),2026-03-31 03:35:58.657545,Ana Beltran,2026-03-31 17:35:58.657545,2026-04-08 17:35:58.657545,2.01,Critica,Escalado a EDD,t
87,Cliente,278,278,Credential Stuffing / Fuerza Bruta,21 intentos fallidos desde 21 IPs en 20 min,2026-09-20 03:35:55.438342,Ana Beltran,2026-09-21 11:35:55.438342,2026-09-24 11:35:55.438342,1.06,Alta,Escalado a EDD,t
88,Cliente,305,305,Credential Stuffing / Fuerza Bruta,19 intentos fallidos desde 19 IPs en 20 min,2026-03-14 03:36:15.993884,Karina Solis,2026-03-15 07:36:15.993884,2026-03-24 07:36:15.993884,1.58,Alta,Confirmado - Aviso a UIF,t
89,Cliente,472,472,Credential Stuffing / Fuerza Bruta,18 intentos fallidos desde 18 IPs en 20 min -- HUBO acceso exitoso despues (posible cuenta comprometida),2026-04-05 03:37:40.619703,Fernanda Ibarra,2026-04-06 22:37:40.619703,2026-04-25 22:37:40.619703,2.90,Critica,Confirmado - Aviso a UIF,t
90,Cliente,501,501,Credential Stuffing / Fuerza Bruta,20 intentos fallidos desde 20 IPs en 20 min,2026-07-09 03:36:44.467058,Fernanda Ibarra,2026-07-11 00:36:44.467058,2026-07-11 21:36:44.467058,1.69,Alta,Cliente Contactado - Aclarado,t
91,Cliente,572,572,Credential Stuffing / Fuerza Bruta,19 intentos fallidos desde 19 IPs en 20 min -- HUBO acceso exitoso despues (posible cuenta comprometida),2026-04-01 03:36:34.589345,Roberto Quintana,2026-04-01 10:36:34.589345,2026-04-09 10:36:34.589345,2.10,Critica,Escalado a EDD,t
92,Cliente,598,598,Credential Stuffing / Fuerza Bruta,17 intentos fallidos desde 17 IPs en 20 min -- HUBO acceso exitoso despues (posible cuenta comprometida),2026-08-30 03:36:18.547538,Karina Solis,2026-08-30 10:36:18.547538,2026-09-02 10:36:18.547538,1.17,Critica,Escalado a EDD,t
93,Cliente,652,652,Credential Stuffing / Fuerza Bruta,19 intentos fallidos desde 19 IPs en 20 min -- HUBO acceso exitoso despues (posible cuenta comprometida),2026-07-08 03:36:53.604386,Ana Beltran,2026-07-08 20:36:53.604386,2026-07-26 20:36:53.604386,2.79,Critica,Confirmado - Aviso a UIF,t
