cuenta_id,cliente_id,numero_cuenta,tipo_cuenta,fecha_apertura,sucursal,estado_cuenta
1,1,MX0000000001,Inversion,2024-06-20 03:35:34.843276,Sucursal Norte,Activa
2,2,MX0000000002,Cheques,2023-10-21 03:35:34.843276,Sucursal Norte,Activa
3,3,MX0000000003,Inversion,2026-03-10 03:35:34.843276,Sucursal Polanco,Activa
4,4,MX0000000004,Empresarial,2024-10-28 03:35:34.843276,Sucursal Santa Fe,Activa
5,5,MX0000000005,Inversion,2026-05-25 03:35:34.843276,Banca Digital,Activa
6,6,MX0000000006,Ahorro,2025-12-07 03:35:34.843276,Sucursal Norte,Activa
7,7,MX0000000007,Cheques,2026-04-12 03:35:34.843276,Sucursal Polanco,Activa
8,8,MX0000000008,Inversion,2025-07-06 03:35:34.843276,Sucursal Norte,Activa
9,9,MX0000000009,Cheques,2023-09-24 03:35:34.843276,Banca Digital,Activa
10,10,MX0000000010,Inversion,2024-11-17 03:35:34.843276,Sucursal Norte,Activa
11,11,MX0000000011,Inversion,2024-10-28 03:35:34.843276,Sucursal Santa Fe,Activa
12,12,MX0000000012,Ahorro,2024-01-24 03:35:34.843276,Banca Digital,Activa
13,13,MX0000000013,Inversion,2026-03-01 03:35:34.843276,Sucursal Santa Fe,Activa
14,14,MX0000000014,Ahorro,2024-04-26 03:35:34.843276,Banca Digital,Activa
15,15,MX0000000015,Inversion,2023-09-25 03:35:34.843276,Banca Digital,Activa
16,16,MX0000000016,Empresarial,2026-04-04 03:35:34.843276,Sucursal Santa Fe,Activa
17,17,MX0000000017,Inversion,2024-03-24 03:35:34.843276,Banca Digital,Activa
18,18,MX0000000018,Cheques,2025-06-05 03:35:34.843276,Sucursal Polanco,Activa
19,19,MX0000000019,Inversion,2024-02-22 03:35:34.843276,Sucursal Norte,Activa
20,20,MX0000000020,Cheques,2026-01-13 03:35:34.843276,Banca Digital,Activa
21,21,MX0000000021,Empresarial,2025-07-19 03:35:34.843276,Banca Digital,Activa
22,22,MX0000000022,Inversion,2025-01-27 03:35:34.843276,Banca Digital,Activa
23,23,MX0000000023,Ahorro,2026-09-10 03:35:34.843276,Sucursal Sur,Activa
24,24,MX0000000024,Ahorro,2025-06-27 03:35:34.843276,Sucursal Centro,Activa
25,25,MX0000000025,Inversion,2026-05-24 03:35:34.843276,Sucursal Centro,Activa
26,26,MX0000000026,Inversion,2024-03-01 03:35:34.843276,Banca Digital,Activa
27,27,MX0000000027,Cheques,2024-08-06 03:35:34.843276,Sucursal Santa Fe,Activa
28,28,MX0000000028,Cheques,2026-08-24 03:35:34.843276,Sucursal Santa Fe,Activa
29,29,MX0000000029,Empresarial,2023-10-29 03:35:34.843276,Sucursal Centro,Activa
30,30,MX0000000030,Ahorro,2025-03-04 03:35:34.843276,Sucursal Centro,Activa
31,31,MX0000000031,Ahorro,2025-05-06 03:35:34.843276,Banca Digital,Activa
32,32,MX0000000032,Empresarial,2026-06-29 03:35:34.843276,Banca Digital,Activa
33,33,MX0000000033,Inversion,2024-01-21 03:35:34.843276,Sucursal Norte,Activa
34,34,MX0000000034,Ahorro,2026-01-25 03:35:34.843276,Sucursal Norte,Activa
35,35,MX0000000035,Cheques,2024-01-09 03:35:34.843276,Sucursal Norte,Activa
36,36,MX0000000036,Cheques,2024-07-07 03:35:34.843276,Sucursal Polanco,Activa
37,37,MX0000000037,Cheques,2026-09-07 03:35:34.843276,Banca Digital,Activa
38,38,MX0000000038,Ahorro,2025-09-14 03:35:34.843276,Sucursal Santa Fe,Activa
39,39,MX0000000039,Inversion,2025-05-28 03:35:34.843276,Sucursal Polanco,Activa
40,40,MX0000000040,Cheques,2023-09-22 03:35:34.843276,Sucursal Sur,Activa
41,41,MX0000000041,Ahorro,2025-12-06 03:35:34.843276,Sucursal Norte,Activa
42,42,MX0000000042,Ahorro,2024-08-25 03:35:34.843276,Sucursal Polanco,Activa
43,43,MX0000000043,Cheques,2024-10-22 03:35:34.843276,Sucursal Sur,Activa
44,44,MX0000000044,Ahorro,2024-11-17 03:35:34.843276,Sucursal Polanco,Activa
45,45,MX0000000045,Inversion,2024-05-29 03:35:34.843276,Sucursal Santa Fe,Activa
46,46,MX0000000046,Inversion,2024-04-22 03:35:34.843276,Banca Digital,Activa
47,47,MX0000000047,Cheques,2025-10-30 03:35:34.843276,Sucursal Norte,Activa
48,48,MX0000000048,Ahorro,2024-07-28 03:35:34.843276,Sucursal Polanco,Activa
49,49,MX0000000049,Ahorro,2025-12-28 03:35:34.843276,Sucursal Santa Fe,Activa
50,50,MX0000000050,Ahorro,2025-03-02 03:35:34.843276,Sucursal Centro,Activa
51,51,MX0000000051,Cheques,2024-08-14 03:35:34.843276,Sucursal Santa Fe,Activa
52,52,MX0000000052,Inversion,2025-12-20 03:35:34.843276,Sucursal Norte,Activa
53,53,MX0000000053,Ahorro,2023-10-23 03:35:34.843276,Sucursal Santa Fe,Activa
54,54,MX0000000054,Ahorro,2026-08-01 03:35:34.843276,Sucursal Centro,Activa
55,55,MX0000000055,Cheques,2025-11-09 03:35:34.843276,Sucursal Santa Fe,Activa
56,56,MX0000000056,Inversion,2025-01-01 03:35:34.843276,Sucursal Polanco,Activa
57,57,MX0000000057,Cheques,2024-01-03 03:35:34.843276,Sucursal Centro,Activa
58,58,MX0000000058,Inversion,2025-04-05 03:35:34.843276,Sucursal Centro,Activa
59,59,MX0000000059,Cheques,2026-02-14 03:35:34.843276,Sucursal Sur,Activa
60,60,MX0000000060,Cheques,2024-12-25 03:35:34.843276,Sucursal Polanco,Activa
61,61,MX0000000061,Cheques,2026-01-26 03:35:34.843276,Sucursal Sur,Activa
62,62,MX0000000062,Cheques,2023-10-08 03:35:34.843276,Sucursal Centro,Activa
63,63,MX0000000063,Cheques,2023-11-29 03:35:34.843276,Banca Digital,Activa
64,64,MX0000000064,Inversion,2024-05-16 03:35:34.843276,Sucursal Polanco,Activa
65,65,MX0000000065,Cheques,2024-01-07 03:35:34.843276,Banca Digital,Activa
66,66,MX0000000066,Inversion,2024-03-26 03:35:34.843276,Sucursal Polanco,Activa
67,67,MX0000000067,Empresarial,2023-11-04 03:35:34.843276,Sucursal Norte,Activa
68,68,MX0000000068,Inversion,2025-02-26 03:35:34.843276,Sucursal Centro,Activa
69,69,MX0000000069,Empresarial,2024-12-05 03:35:34.843276,Sucursal Centro,Activa
70,70,MX0000000070,Inversion,2025-02-23 03:35:34.843276,Banca Digital,Activa
71,71,MX0000000071,Inversion,2025-05-23 03:35:34.843276,Banca Digital,Activa
72,72,MX0000000072,Inversion,2024-07-03 03:35:34.843276,Sucursal Sur,Activa
73,73,MX0000000073,Inversion,2025-10-12 03:35:34.843276,Banca Digital,Activa
74,74,MX0000000074,Inversion,2026-08-28 03:35:34.843276,Sucursal Centro,Activa
75,75,MX0000000075,Inversion,2024-11-03 03:35:34.843276,Sucursal Centro,Activa
76,76,MX0000000076,Ahorro,2025-10-11 03:35:34.843276,Sucursal Polanco,Activa
77,77,MX0000000077,Inversion,2025-09-29 03:35:34.843276,Sucursal Centro,Activa
78,78,MX0000000078,Inversion,2024-08-03 03:35:34.843276,Banca Digital,Activa
79,79,MX0000000079,Empresarial,2026-08-12 03:35:34.843276,Sucursal Polanco,Activa
80,80,MX0000000080,Ahorro,2025-12-17 03:35:34.843276,Sucursal Sur,Activa
81,81,MX0000000081,Cheques,2026-05-29 03:35:34.843276,Sucursal Santa Fe,Activa
82,82,MX0000000082,Cheques,2024-09-24 03:35:34.843276,Banca Digital,Activa
83,83,MX0000000083,Cheques,2025-03-06 03:35:34.843276,Sucursal Centro,Activa
84,84,MX0000000084,Empresarial,2024-01-13 03:35:34.843276,Sucursal Sur,Activa
85,85,MX0000000085,Ahorro,2026-06-26 03:35:34.843276,Sucursal Norte,Activa
86,86,MX0000000086,Cheques,2026-03-13 03:35:34.843276,Sucursal Centro,Activa
87,87,MX0000000087,Cheques,2025-01-13 03:35:34.843276,Sucursal Polanco,Activa
88,88,MX0000000088,Empresarial,2025-02-14 03:35:34.843276,Sucursal Norte,Activa
89,89,MX0000000089,Inversion,2025-07-04 03:35:34.843276,Sucursal Centro,Activa
90,90,MX0000000090,Inversion,2025-07-28 03:35:34.843276,Sucursal Polanco,Activa
91,91,MX0000000091,Inversion,2024-04-03 03:35:34.843276,Sucursal Centro,Activa
92,92,MX0000000092,Ahorro,2023-11-06 03:35:34.843276,Sucursal Santa Fe,Activa
93,93,MX0000000093,Cheques,2023-10-27 03:35:34.843276,Sucursal Polanco,Activa
94,94,MX0000000094,Cheques,2023-12-20 03:35:34.843276,Banca Digital,Activa
95,95,MX0000000095,Empresarial,2024-08-20 03:35:34.843276,Banca Digital,Activa
96,96,MX0000000096,Ahorro,2023-12-14 03:35:34.843276,Sucursal Sur,Activa
97,97,MX0000000097,Ahorro,2025-10-20 03:35:34.843276,Sucursal Polanco,Activa
98,98,MX0000000098,Cheques,2024-07-23 03:35:34.843276,Sucursal Norte,Activa
99,99,MX0000000099,Inversion,2024-03-20 03:35:34.843276,Sucursal Centro,Activa
100,100,MX0000000100,Ahorro,2024-03-05 03:35:34.843276,Sucursal Polanco,Activa
101,101,MX0000000101,Ahorro,2024-11-15 03:35:34.843276,Banca Digital,Activa
102,102,MX0000000102,Cheques,2025-12-28 03:35:34.843276,Banca Digital,Activa
103,103,MX0000000103,Inversion,2024-10-12 03:35:34.843276,Sucursal Sur,Activa
104,104,MX0000000104,Cheques,2025-08-23 03:35:34.843276,Sucursal Centro,Activa
105,105,MX0000000105,Empresarial,2025-08-27 03:35:34.843276,Sucursal Santa Fe,Activa
106,106,MX0000000106,Inversion,2025-03-23 03:35:34.843276,Sucursal Sur,Activa
107,107,MX0000000107,Cheques,2024-01-19 03:35:34.843276,Sucursal Polanco,Activa
108,108,MX0000000108,Inversion,2026-01-11 03:35:34.843276,Sucursal Polanco,Activa
109,109,MX0000000109,Ahorro,2026-05-05 03:35:34.843276,Sucursal Sur,Activa
110,110,MX0000000110,Inversion,2024-03-23 03:35:34.843276,Sucursal Norte,Activa
111,111,MX0000000111,Ahorro,2025-04-18 03:35:34.843276,Sucursal Polanco,Activa
112,112,MX0000000112,Ahorro,2025-03-20 03:35:34.843276,Sucursal Polanco,Activa
113,113,MX0000000113,Ahorro,2024-04-12 03:35:34.843276,Sucursal Santa Fe,Activa
114,114,MX0000000114,Empresarial,2026-04-17 03:35:34.843276,Sucursal Norte,Activa
115,115,MX0000000115,Cheques,2024-04-13 03:35:34.843276,Sucursal Santa Fe,Activa
116,116,MX0000000116,Inversion,2024-01-02 03:35:34.843276,Sucursal Santa Fe,Activa
117,117,MX0000000117,Cheques,2026-09-18 03:35:34.843276,Sucursal Santa Fe,Activa
118,118,MX0000000118,Cheques,2025-07-05 03:35:34.843276,Sucursal Norte,Activa
119,119,MX0000000119,Inversion,2024-10-06 03:35:34.843276,Sucursal Santa Fe,Activa
120,120,MX0000000120,Ahorro,2024-11-19 03:35:34.843276,Sucursal Centro,Activa
121,121,MX0000000121,Cheques,2024-07-13 03:35:34.843276,Sucursal Polanco,Activa
122,122,MX0000000122,Inversion,2024-04-23 03:35:34.843276,Banca Digital,Activa
123,123,MX0000000123,Ahorro,2024-04-04 03:35:34.843276,Banca Digital,Activa
124,124,MX0000000124,Cheques,2024-11-24 03:35:34.843276,Sucursal Polanco,Activa
125,125,MX0000000125,Ahorro,2026-03-01 03:35:34.843276,Banca Digital,Activa
126,126,MX0000000126,Cheques,2026-09-03 03:35:34.843276,Sucursal Centro,Activa
127,127,MX0000000127,Empresarial,2025-05-01 03:35:34.843276,Sucursal Polanco,Activa
128,128,MX0000000128,Cheques,2025-01-13 03:35:34.843276,Banca Digital,Activa
129,129,MX0000000129,Cheques,2025-12-07 03:35:34.843276,Banca Digital,Activa
130,130,MX0000000130,Ahorro,2026-02-26 03:35:34.843276,Sucursal Centro,Activa
131,131,MX0000000131,Inversion,2023-10-29 03:35:34.843276,Sucursal Polanco,Activa
132,132,MX0000000132,Cheques,2025-05-23 03:35:34.843276,Sucursal Sur,Activa
133,133,MX0000000133,Ahorro,2024-07-24 03:35:34.843276,Sucursal Centro,Activa
134,134,MX0000000134,Cheques,2025-09-24 03:35:34.843276,Sucursal Norte,Activa
135,135,MX0000000135,Inversion,2024-11-29 03:35:34.843276,Sucursal Santa Fe,Activa
136,136,MX0000000136,Inversion,2026-05-03 03:35:34.843276,Sucursal Norte,Activa
137,137,MX0000000137,Ahorro,2024-04-28 03:35:34.843276,Sucursal Norte,Activa
138,138,MX0000000138,Ahorro,2023-11-01 03:35:34.843276,Sucursal Sur,Activa
139,139,MX0000000139,Cheques,2025-12-20 03:35:34.843276,Sucursal Norte,Activa
140,140,MX0000000140,Cheques,2026-01-10 03:35:34.843276,Sucursal Polanco,Activa
141,141,MX0000000141,Cheques,2024-07-11 03:35:34.843276,Sucursal Polanco,Activa
142,142,MX0000000142,Empresarial,2026-06-30 03:35:34.843276,Sucursal Sur,Activa
143,143,MX0000000143,Cheques,2026-05-22 03:35:34.843276,Sucursal Centro,Activa
144,144,MX0000000144,Inversion,2024-05-01 03:35:34.843276,Banca Digital,Activa
145,145,MX0000000145,Ahorro,2025-05-19 03:35:34.843276,Sucursal Norte,Activa
146,146,MX0000000146,Cheques,2026-06-20 03:35:34.843276,Sucursal Sur,Activa
147,147,MX0000000147,Ahorro,2025-03-25 03:35:34.843276,Sucursal Polanco,Activa
148,148,MX0000000148,Inversion,2025-04-03 03:35:34.843276,Sucursal Centro,Activa
149,149,MX0000000149,Ahorro,2025-12-25 03:35:34.843276,Sucursal Centro,Activa
150,150,MX0000000150,Cheques,2026-01-29 03:35:34.843276,Banca Digital,Activa
151,151,MX0000000151,Ahorro,2024-03-01 03:35:34.843276,Sucursal Centro,Activa
152,152,MX0000000152,Inversion,2025-10-08 03:35:34.843276,Sucursal Norte,Activa
153,153,MX0000000153,Ahorro,2025-04-23 03:35:34.843276,Banca Digital,Activa
154,154,MX0000000154,Inversion,2025-01-13 03:35:34.843276,Sucursal Sur,Activa
155,155,MX0000000155,Cheques,2024-10-10 03:35:34.843276,Banca Digital,Activa
156,156,MX0000000156,Cheques,2026-08-13 03:35:34.843276,Banca Digital,Activa
157,157,MX0000000157,Ahorro,2024-01-13 03:35:34.843276,Sucursal Norte,Activa
158,158,MX0000000158,Cheques,2024-04-15 03:35:34.843276,Sucursal Santa Fe,Activa
159,159,MX0000000159,Cheques,2024-06-11 03:35:34.843276,Sucursal Norte,Activa
160,160,MX0000000160,Cheques,2023-11-26 03:35:34.843276,Sucursal Sur,Activa
161,161,MX0000000161,Empresarial,2024-04-02 03:35:34.843276,Sucursal Centro,Activa
162,162,MX0000000162,Cheques,2026-06-06 03:35:34.843276,Banca Digital,Activa
163,163,MX0000000163,Cheques,2024-12-27 03:35:34.843276,Sucursal Norte,Activa
164,164,MX0000000164,Ahorro,2026-03-05 03:35:34.843276,Sucursal Polanco,Activa
165,165,MX0000000165,Cheques,2026-02-19 03:35:34.843276,Sucursal Polanco,Activa
166,166,MX0000000166,Empresarial,2024-10-17 03:35:34.843276,Banca Digital,Activa
167,167,MX0000000167,Inversion,2025-05-26 03:35:34.843276,Sucursal Polanco,Activa
168,168,MX0000000168,Ahorro,2025-12-20 03:35:34.843276,Sucursal Sur,Activa
169,169,MX0000000169,Ahorro,2026-09-19 03:35:34.843276,Sucursal Centro,Activa
170,170,MX0000000170,Cheques,2024-07-29 03:35:34.843276,Sucursal Centro,Activa
171,171,MX0000000171,Inversion,2024-06-17 03:35:34.843276,Sucursal Norte,Activa
172,172,MX0000000172,Ahorro,2026-02-21 03:35:34.843276,Banca Digital,Activa
173,173,MX0000000173,Ahorro,2024-04-12 03:35:34.843276,Sucursal Polanco,Activa
174,174,MX0000000174,Cheques,2025-10-06 03:35:34.843276,Sucursal Santa Fe,Activa
175,175,MX0000000175,Cheques,2026-07-22 03:35:34.843276,Banca Digital,Activa
176,176,MX0000000176,Inversion,2025-06-05 03:35:34.843276,Sucursal Sur,Activa
177,177,MX0000000177,Inversion,2026-08-28 03:35:34.843276,Sucursal Santa Fe,Activa
178,178,MX0000000178,Cheques,2026-02-07 03:35:34.843276,Sucursal Norte,Activa
179,179,MX0000000179,Ahorro,2026-06-03 03:35:34.843276,Sucursal Polanco,Activa
180,180,MX0000000180,Cheques,2026-05-18 03:35:34.843276,Sucursal Polanco,Activa
181,181,MX0000000181,Cheques,2026-02-03 03:35:34.843276,Sucursal Polanco,Activa
182,182,MX0000000182,Cheques,2026-06-29 03:35:34.843276,Banca Digital,Activa
183,183,MX0000000183,Ahorro,2024-02-11 03:35:34.843276,Banca Digital,Activa
184,184,MX0000000184,Ahorro,2025-01-18 03:35:34.843276,Sucursal Santa Fe,Activa
185,185,MX0000000185,Cheques,2023-11-04 03:35:34.843276,Sucursal Centro,Activa
186,186,MX0000000186,Ahorro,2026-07-14 03:35:34.843276,Sucursal Polanco,Activa
187,187,MX0000000187,Cheques,2025-03-16 03:35:34.843276,Sucursal Santa Fe,Activa
188,188,MX0000000188,Ahorro,2025-03-22 03:35:34.843276,Sucursal Norte,Activa
189,189,MX0000000189,Inversion,2023-12-01 03:35:34.843276,Sucursal Santa Fe,Activa
190,190,MX0000000190,Inversion,2024-06-01 03:35:34.843276,Sucursal Sur,Activa
191,191,MX0000000191,Inversion,2024-07-20 03:35:34.843276,Sucursal Centro,Activa
192,192,MX0000000192,Inversion,2024-04-08 03:35:34.843276,Sucursal Polanco,Activa
193,193,MX0000000193,Cheques,2026-03-24 03:35:34.843276,Sucursal Centro,Activa
194,194,MX0000000194,Inversion,2023-12-21 03:35:34.843276,Banca Digital,Activa
195,195,MX0000000195,Inversion,2024-08-14 03:35:34.843276,Sucursal Polanco,Activa
196,196,MX0000000196,Empresarial,2024-05-31 03:35:34.843276,Sucursal Santa Fe,Activa
197,197,MX0000000197,Empresarial,2024-08-04 03:35:34.843276,Sucursal Polanco,Activa
198,198,MX0000000198,Inversion,2025-09-27 03:35:34.843276,Sucursal Centro,Activa
199,199,MX0000000199,Cheques,2025-12-12 03:35:34.843276,Sucursal Sur,Activa
200,200,MX0000000200,Inversion,2023-12-14 03:35:34.843276,Sucursal Santa Fe,Activa
201,201,MX0000000201,Inversion,2025-11-05 03:35:34.843276,Sucursal Polanco,Activa
202,202,MX0000000202,Cheques,2026-03-19 03:35:34.843276,Sucursal Norte,Activa
203,203,MX0000000203,Cheques,2024-04-26 03:35:34.843276,Banca Digital,Activa
204,204,MX0000000204,Ahorro,2025-06-06 03:35:34.843276,Sucursal Centro,Activa
205,205,MX0000000205,Inversion,2026-07-17 03:35:34.843276,Banca Digital,Activa
206,206,MX0000000206,Inversion,2024-06-27 03:35:34.843276,Sucursal Polanco,Activa
207,207,MX0000000207,Empresarial,2024-03-10 03:35:34.843276,Sucursal Sur,Activa
208,208,MX0000000208,Ahorro,2024-02-21 03:35:34.843276,Sucursal Centro,Activa
209,209,MX0000000209,Inversion,2025-12-24 03:35:34.843276,Sucursal Sur,Activa
210,210,MX0000000210,Ahorro,2025-10-25 03:35:34.843276,Sucursal Polanco,Activa
211,211,MX0000000211,Empresarial,2023-11-01 03:35:34.843276,Sucursal Centro,Activa
212,212,MX0000000212,Cheques,2024-05-13 03:35:34.843276,Sucursal Norte,Activa
213,213,MX0000000213,Ahorro,2024-09-10 03:35:34.843276,Sucursal Santa Fe,Activa
214,214,MX0000000214,Inversion,2025-07-07 03:35:34.843276,Sucursal Polanco,Activa
215,215,MX0000000215,Cheques,2025-10-25 03:35:34.843276,Sucursal Sur,Activa
216,216,MX0000000216,Inversion,2025-05-22 03:35:34.843276,Sucursal Norte,Activa
217,217,MX0000000217,Cheques,2024-07-09 03:35:34.843276,Sucursal Norte,Activa
218,218,MX0000000218,Ahorro,2024-11-18 03:35:34.843276,Sucursal Sur,Activa
219,219,MX0000000219,Cheques,2024-12-30 03:35:34.843276,Sucursal Centro,Activa
220,220,MX0000000220,Empresarial,2024-04-07 03:35:34.843276,Sucursal Sur,Activa
221,221,MX0000000221,Inversion,2025-02-22 03:35:34.843276,Sucursal Polanco,Activa
222,222,MX0000000222,Cheques,2026-01-25 03:35:34.843276,Banca Digital,Activa
223,223,MX0000000223,Cheques,2023-12-16 03:35:34.843276,Banca Digital,Activa
224,224,MX0000000224,Ahorro,2024-01-01 03:35:34.843276,Sucursal Sur,Activa
225,225,MX0000000225,Inversion,2023-10-19 03:35:34.843276,Sucursal Polanco,Activa
226,226,MX0000000226,Ahorro,2026-09-09 03:35:34.843276,Sucursal Sur,Activa
227,227,MX0000000227,Empresarial,2024-11-23 03:35:34.843276,Sucursal Sur,Activa
228,228,MX0000000228,Cheques,2024-11-20 03:35:34.843276,Banca Digital,Activa
229,229,MX0000000229,Inversion,2025-10-26 03:35:34.843276,Sucursal Polanco,Activa
230,230,MX0000000230,Ahorro,2025-04-15 03:35:34.843276,Sucursal Polanco,Activa
231,231,MX0000000231,Cheques,2026-04-10 03:35:34.843276,Sucursal Santa Fe,Activa
232,232,MX0000000232,Empresarial,2023-12-29 03:35:34.843276,Banca Digital,Activa
233,233,MX0000000233,Inversion,2026-06-02 03:35:34.843276,Sucursal Norte,Activa
234,234,MX0000000234,Inversion,2026-02-07 03:35:34.843276,Sucursal Santa Fe,Activa
235,235,MX0000000235,Inversion,2026-03-16 03:35:34.843276,Sucursal Polanco,Activa
236,236,MX0000000236,Cheques,2024-04-09 03:35:34.843276,Sucursal Sur,Activa
237,237,MX0000000237,Cheques,2026-02-27 03:35:34.843276,Sucursal Norte,Activa
238,238,MX0000000238,Cheques,2025-02-16 03:35:34.843276,Sucursal Santa Fe,Activa
239,239,MX0000000239,Inversion,2024-01-01 03:35:34.843276,Sucursal Santa Fe,Activa
240,240,MX0000000240,Inversion,2026-07-10 03:35:34.843276,Sucursal Centro,Activa
241,241,MX0000000241,Inversion,2026-03-13 03:35:34.843276,Sucursal Polanco,Activa
242,242,MX0000000242,Cheques,2026-01-12 03:35:34.843276,Sucursal Norte,Activa
243,243,MX0000000243,Empresarial,2024-09-11 03:35:34.843276,Sucursal Sur,Activa
244,244,MX0000000244,Ahorro,2025-02-18 03:35:34.843276,Sucursal Norte,Activa
245,245,MX0000000245,Ahorro,2023-09-26 03:35:34.843276,Sucursal Norte,Activa
246,246,MX0000000246,Cheques,2024-11-08 03:35:34.843276,Sucursal Polanco,Activa
247,247,MX0000000247,Ahorro,2025-06-18 03:35:34.843276,Sucursal Norte,Activa
248,248,MX0000000248,Empresarial,2025-05-25 03:35:34.843276,Sucursal Centro,Activa
249,249,MX0000000249,Cheques,2025-06-27 03:35:34.843276,Banca Digital,Activa
250,250,MX0000000250,Inversion,2024-07-07 03:35:34.843276,Sucursal Norte,Activa
251,251,MX0000000251,Ahorro,2025-12-28 03:35:34.843276,Sucursal Sur,Activa
252,252,MX0000000252,Empresarial,2025-05-31 03:35:34.843276,Sucursal Polanco,Activa
253,253,MX0000000253,Inversion,2026-05-15 03:35:34.843276,Sucursal Centro,Activa
254,254,MX0000000254,Ahorro,2026-03-17 03:35:34.843276,Sucursal Norte,Activa
255,255,MX0000000255,Cheques,2025-01-31 03:35:34.843276,Sucursal Sur,Activa
256,256,MX0000000256,Inversion,2024-07-05 03:35:34.843276,Banca Digital,Activa
257,257,MX0000000257,Inversion,2025-05-09 03:35:34.843276,Sucursal Santa Fe,Activa
258,258,MX0000000258,Ahorro,2024-09-28 03:35:34.843276,Sucursal Santa Fe,Activa
259,259,MX0000000259,Empresarial,2024-02-23 03:35:34.843276,Sucursal Norte,Activa
260,260,MX0000000260,Cheques,2024-11-22 03:35:34.843276,Sucursal Norte,Activa
261,261,MX0000000261,Empresarial,2024-04-06 03:35:34.843276,Sucursal Polanco,Activa
262,262,MX0000000262,Ahorro,2026-04-13 03:35:34.843276,Banca Digital,Activa
263,263,MX0000000263,Cheques,2025-04-10 03:35:34.843276,Sucursal Polanco,Activa
264,264,MX0000000264,Ahorro,2026-06-23 03:35:34.843276,Sucursal Centro,Activa
265,265,MX0000000265,Inversion,2024-12-21 03:35:34.843276,Sucursal Norte,Activa
266,266,MX0000000266,Ahorro,2024-02-03 03:35:34.843276,Banca Digital,Activa
267,267,MX0000000267,Ahorro,2025-04-14 03:35:34.843276,Sucursal Santa Fe,Activa
268,268,MX0000000268,Inversion,2025-05-07 03:35:34.843276,Sucursal Sur,Activa
269,269,MX0000000269,Cheques,2025-05-23 03:35:34.843276,Sucursal Santa Fe,Activa
270,270,MX0000000270,Inversion,2025-12-18 03:35:34.843276,Sucursal Sur,Activa
271,271,MX0000000271,Cheques,2025-05-04 03:35:34.843276,Banca Digital,Activa
272,272,MX0000000272,Empresarial,2024-04-10 03:35:34.843276,Banca Digital,Activa
273,273,MX0000000273,Cheques,2024-08-06 03:35:34.843276,Sucursal Norte,Activa
274,274,MX0000000274,Inversion,2024-05-29 03:35:34.843276,Sucursal Norte,Activa
275,275,MX0000000275,Inversion,2024-01-24 03:35:34.843276,Sucursal Centro,Activa
276,276,MX0000000276,Inversion,2026-09-14 03:35:34.843276,Banca Digital,Activa
277,277,MX0000000277,Cheques,2024-01-08 03:35:34.843276,Sucursal Centro,Activa
278,278,MX0000000278,Cheques,2024-09-01 03:35:34.843276,Banca Digital,Activa
279,279,MX0000000279,Cheques,2025-12-23 03:35:34.843276,Sucursal Santa Fe,Activa
280,280,MX0000000280,Ahorro,2026-06-27 03:35:34.843276,Sucursal Polanco,Activa
281,281,MX0000000281,Cheques,2026-08-08 03:35:34.843276,Sucursal Sur,Activa
282,282,MX0000000282,Inversion,2025-04-17 03:35:34.843276,Banca Digital,Activa
283,283,MX0000000283,Empresarial,2025-04-24 03:35:34.843276,Sucursal Centro,Activa
284,284,MX0000000284,Empresarial,2024-11-20 03:35:34.843276,Sucursal Norte,Activa
285,285,MX0000000285,Cheques,2024-09-28 03:35:34.843276,Sucursal Polanco,Activa
286,286,MX0000000286,Inversion,2026-06-20 03:35:34.843276,Sucursal Centro,Activa
287,287,MX0000000287,Ahorro,2023-11-15 03:35:34.843276,Banca Digital,Activa
288,288,MX0000000288,Inversion,2023-12-01 03:35:34.843276,Sucursal Centro,Activa
289,289,MX0000000289,Cheques,2023-11-13 03:35:34.843276,Banca Digital,Activa
290,290,MX0000000290,Ahorro,2026-06-03 03:35:34.843276,Banca Digital,Activa
291,291,MX0000000291,Inversion,2024-03-28 03:35:34.843276,Sucursal Centro,Activa
292,292,MX0000000292,Ahorro,2026-01-20 03:35:34.843276,Sucursal Santa Fe,Activa
293,293,MX0000000293,Inversion,2025-09-30 03:35:34.843276,Banca Digital,Activa
294,294,MX0000000294,Empresarial,2025-09-29 03:35:34.843276,Sucursal Santa Fe,Activa
295,295,MX0000000295,Cheques,2025-11-29 03:35:34.843276,Sucursal Polanco,Activa
296,296,MX0000000296,Empresarial,2024-07-17 03:35:34.843276,Sucursal Polanco,Activa
297,297,MX0000000297,Inversion,2025-10-22 03:35:34.843276,Sucursal Norte,Activa
298,298,MX0000000298,Inversion,2024-01-26 03:35:34.843276,Banca Digital,Activa
299,299,MX0000000299,Ahorro,2026-08-05 03:35:34.843276,Sucursal Sur,Activa
300,300,MX0000000300,Ahorro,2024-01-02 03:35:34.843276,Sucursal Sur,Activa
301,301,MX0000000301,Inversion,2023-12-08 03:35:34.843276,Sucursal Polanco,Activa
302,302,MX0000000302,Ahorro,2026-02-19 03:35:34.843276,Sucursal Centro,Activa
303,303,MX0000000303,Ahorro,2025-01-27 03:35:34.843276,Sucursal Polanco,Activa
304,304,MX0000000304,Ahorro,2025-07-22 03:35:34.843276,Sucursal Sur,Activa
305,305,MX0000000305,Ahorro,2026-01-28 03:35:34.843276,Sucursal Norte,Activa
306,306,MX0000000306,Ahorro,2025-05-22 03:35:34.843276,Banca Digital,Activa
307,307,MX0000000307,Ahorro,2025-03-04 03:35:34.843276,Sucursal Centro,Activa
308,308,MX0000000308,Inversion,2025-04-21 03:35:34.843276,Sucursal Polanco,Activa
309,309,MX0000000309,Inversion,2024-10-06 03:35:34.843276,Sucursal Centro,Activa
310,310,MX0000000310,Ahorro,2026-08-12 03:35:34.843276,Sucursal Sur,Activa
311,311,MX0000000311,Ahorro,2026-02-16 03:35:34.843276,Sucursal Santa Fe,Activa
312,312,MX0000000312,Cheques,2023-10-19 03:35:34.843276,Banca Digital,Activa
313,313,MX0000000313,Ahorro,2025-07-08 03:35:34.843276,Sucursal Norte,Activa
314,314,MX0000000314,Empresarial,2026-01-20 03:35:34.843276,Sucursal Polanco,Activa
315,315,MX0000000315,Inversion,2026-07-08 03:35:34.843276,Sucursal Santa Fe,Activa
316,316,MX0000000316,Cheques,2024-10-18 03:35:34.843276,Banca Digital,Activa
317,317,MX0000000317,Inversion,2024-09-12 03:35:34.843276,Sucursal Polanco,Activa
318,318,MX0000000318,Inversion,2026-01-30 03:35:34.843276,Sucursal Centro,Activa
319,319,MX0000000319,Ahorro,2026-02-26 03:35:34.843276,Sucursal Norte,Activa
320,320,MX0000000320,Ahorro,2025-04-23 03:35:34.843276,Sucursal Santa Fe,Activa
321,321,MX0000000321,Empresarial,2023-12-26 03:35:34.843276,Sucursal Sur,Activa
322,322,MX0000000322,Cheques,2026-02-20 03:35:34.843276,Sucursal Polanco,Activa
323,323,MX0000000323,Inversion,2023-11-14 03:35:34.843276,Banca Digital,Activa
324,324,MX0000000324,Inversion,2024-11-07 03:35:34.843276,Sucursal Sur,Activa
325,325,MX0000000325,Cheques,2024-06-23 03:35:34.843276,Sucursal Sur,Activa
326,326,MX0000000326,Inversion,2025-09-14 03:35:34.843276,Sucursal Norte,Activa
327,327,MX0000000327,Ahorro,2025-04-25 03:35:34.843276,Sucursal Sur,Activa
328,328,MX0000000328,Inversion,2025-11-04 03:35:34.843276,Sucursal Centro,Activa
329,329,MX0000000329,Ahorro,2026-03-03 03:35:34.843276,Sucursal Sur,Activa
330,330,MX0000000330,Empresarial,2026-08-23 03:35:34.843276,Sucursal Polanco,Activa
331,331,MX0000000331,Ahorro,2024-06-20 03:35:34.843276,Sucursal Centro,Activa
332,332,MX0000000332,Cheques,2025-08-31 03:35:34.843276,Sucursal Norte,Activa
333,333,MX0000000333,Ahorro,2024-07-03 03:35:34.843276,Sucursal Santa Fe,Activa
334,334,MX0000000334,Ahorro,2024-07-05 03:35:34.843276,Sucursal Sur,Activa
335,335,MX0000000335,Inversion,2024-08-10 03:35:34.843276,Sucursal Santa Fe,Activa
336,336,MX0000000336,Ahorro,2026-01-09 03:35:34.843276,Banca Digital,Activa
337,337,MX0000000337,Cheques,2024-10-25 03:35:34.843276,Sucursal Polanco,Activa
338,338,MX0000000338,Ahorro,2025-05-13 03:35:34.843276,Sucursal Norte,Activa
339,339,MX0000000339,Inversion,2024-12-13 03:35:34.843276,Banca Digital,Activa
340,340,MX0000000340,Inversion,2025-04-17 03:35:34.843276,Sucursal Norte,Activa
341,341,MX0000000341,Cheques,2025-07-30 03:35:34.843276,Sucursal Norte,Activa
342,342,MX0000000342,Cheques,2025-12-14 03:35:34.843276,Sucursal Centro,Activa
343,343,MX0000000343,Inversion,2024-12-03 03:35:34.843276,Sucursal Norte,Activa
344,344,MX0000000344,Cheques,2026-05-21 03:35:34.843276,Banca Digital,Activa
345,345,MX0000000345,Ahorro,2025-02-10 03:35:34.843276,Sucursal Santa Fe,Activa
346,346,MX0000000346,Cheques,2026-03-26 03:35:34.843276,Sucursal Polanco,Activa
347,347,MX0000000347,Inversion,2025-08-07 03:35:34.843276,Sucursal Centro,Activa
348,348,MX0000000348,Cheques,2023-12-19 03:35:34.843276,Sucursal Centro,Activa
349,349,MX0000000349,Cheques,2026-09-15 03:35:34.843276,Sucursal Sur,Activa
350,350,MX0000000350,Cheques,2024-05-05 03:35:34.843276,Banca Digital,Activa
351,351,MX0000000351,Ahorro,2025-07-15 03:35:34.843276,Sucursal Polanco,Activa
352,352,MX0000000352,Cheques,2024-04-16 03:35:34.843276,Banca Digital,Activa
353,353,MX0000000353,Inversion,2024-03-19 03:35:34.843276,Sucursal Polanco,Activa
354,354,MX0000000354,Inversion,2025-10-06 03:35:34.843276,Sucursal Norte,Activa
355,355,MX0000000355,Ahorro,2026-08-12 03:35:34.843276,Sucursal Centro,Activa
356,356,MX0000000356,Inversion,2025-09-21 03:35:34.843276,Banca Digital,Activa
357,357,MX0000000357,Empresarial,2025-05-25 03:35:34.843276,Sucursal Santa Fe,Activa
358,358,MX0000000358,Cheques,2025-10-11 03:35:34.843276,Sucursal Centro,Activa
359,359,MX0000000359,Cheques,2025-12-01 03:35:34.843276,Banca Digital,Activa
360,360,MX0000000360,Ahorro,2026-06-26 03:35:34.843276,Sucursal Centro,Activa
361,361,MX0000000361,Empresarial,2026-02-20 03:35:34.843276,Sucursal Sur,Activa
362,362,MX0000000362,Cheques,2024-11-11 03:35:34.843276,Sucursal Norte,Activa
363,363,MX0000000363,Inversion,2026-05-30 03:35:34.843276,Sucursal Polanco,Activa
364,364,MX0000000364,Inversion,2025-04-01 03:35:34.843276,Sucursal Sur,Activa
365,365,MX0000000365,Ahorro,2024-10-29 03:35:34.843276,Banca Digital,Activa
366,366,MX0000000366,Inversion,2026-04-21 03:35:34.843276,Sucursal Santa Fe,Activa
367,367,MX0000000367,Ahorro,2025-01-11 03:35:34.843276,Sucursal Sur,Activa
368,368,MX0000000368,Ahorro,2023-11-25 03:35:34.843276,Sucursal Santa Fe,Activa
369,369,MX0000000369,Cheques,2024-12-26 03:35:34.843276,Sucursal Centro,Activa
370,370,MX0000000370,Cheques,2023-12-23 03:35:34.843276,Sucursal Polanco,Activa
371,371,MX0000000371,Ahorro,2024-12-27 03:35:34.843276,Sucursal Sur,Activa
372,372,MX0000000372,Cheques,2023-11-18 03:35:34.843276,Sucursal Santa Fe,Activa
373,373,MX0000000373,Inversion,2025-02-05 03:35:34.843276,Sucursal Norte,Activa
374,374,MX0000000374,Inversion,2024-05-03 03:35:34.843276,Sucursal Centro,Activa
375,375,MX0000000375,Inversion,2025-02-25 03:35:34.843276,Banca Digital,Activa
376,376,MX0000000376,Cheques,2024-12-24 03:35:34.843276,Banca Digital,Activa
377,377,MX0000000377,Ahorro,2024-08-04 03:35:34.843276,Sucursal Santa Fe,Activa
378,378,MX0000000378,Ahorro,2026-03-20 03:35:34.843276,Sucursal Norte,Activa
379,379,MX0000000379,Inversion,2024-05-19 03:35:34.843276,Sucursal Sur,Activa
380,380,MX0000000380,Ahorro,2023-11-02 03:35:34.843276,Sucursal Centro,Activa
381,381,MX0000000381,Inversion,2024-03-20 03:35:34.843276,Sucursal Centro,Activa
382,382,MX0000000382,Inversion,2024-08-14 03:35:34.843276,Sucursal Sur,Activa
383,383,MX0000000383,Inversion,2025-04-19 03:35:34.843276,Sucursal Santa Fe,Activa
384,384,MX0000000384,Ahorro,2026-04-02 03:35:34.843276,Sucursal Polanco,Activa
385,385,MX0000000385,Ahorro,2026-07-24 03:35:34.843276,Sucursal Norte,Activa
386,386,MX0000000386,Inversion,2025-12-22 03:35:34.843276,Sucursal Polanco,Activa
387,387,MX0000000387,Inversion,2024-05-31 03:35:34.843276,Sucursal Sur,Activa
388,388,MX0000000388,Cheques,2023-11-29 03:35:34.843276,Sucursal Polanco,Activa
389,389,MX0000000389,Ahorro,2024-06-16 03:35:34.843276,Sucursal Sur,Activa
390,390,MX0000000390,Ahorro,2025-03-14 03:35:34.843276,Sucursal Polanco,Activa
391,391,MX0000000391,Inversion,2025-08-07 03:35:34.843276,Sucursal Santa Fe,Activa
392,392,MX0000000392,Inversion,2023-11-07 03:35:34.843276,Sucursal Sur,Activa
393,393,MX0000000393,Cheques,2026-07-09 03:35:34.843276,Sucursal Norte,Activa
394,394,MX0000000394,Ahorro,2023-10-01 03:35:34.843276,Banca Digital,Activa
395,395,MX0000000395,Cheques,2024-08-01 03:35:34.843276,Sucursal Sur,Activa
396,396,MX0000000396,Ahorro,2025-04-10 03:35:34.843276,Sucursal Centro,Activa
397,397,MX0000000397,Ahorro,2025-10-19 03:35:34.843276,Sucursal Polanco,Activa
398,398,MX0000000398,Inversion,2025-05-05 03:35:34.843276,Banca Digital,Activa
399,399,MX0000000399,Inversion,2023-11-29 03:35:34.843276,Sucursal Norte,Activa
400,400,MX0000000400,Ahorro,2023-10-27 03:35:34.843276,Sucursal Centro,Activa
401,401,MX0000000401,Ahorro,2026-07-14 03:35:34.843276,Sucursal Santa Fe,Activa
402,402,MX0000000402,Ahorro,2026-03-08 03:35:34.843276,Banca Digital,Activa
403,403,MX0000000403,Cheques,2026-03-14 03:35:34.843276,Sucursal Centro,Activa
404,404,MX0000000404,Inversion,2025-05-30 03:35:34.843276,Banca Digital,Activa
405,405,MX0000000405,Cheques,2024-07-13 03:35:34.843276,Sucursal Santa Fe,Activa
406,406,MX0000000406,Ahorro,2024-12-08 03:35:34.843276,Sucursal Santa Fe,Activa
407,407,MX0000000407,Inversion,2025-11-06 03:35:34.843276,Sucursal Santa Fe,Activa
408,408,MX0000000408,Inversion,2024-06-24 03:35:34.843276,Sucursal Sur,Activa
409,409,MX0000000409,Cheques,2025-03-16 03:35:34.843276,Sucursal Polanco,Activa
410,410,MX0000000410,Inversion,2024-03-28 03:35:34.843276,Sucursal Norte,Activa
411,411,MX0000000411,Ahorro,2024-12-10 03:35:34.843276,Banca Digital,Activa
412,412,MX0000000412,Cheques,2026-06-06 03:35:34.843276,Banca Digital,Activa
413,413,MX0000000413,Inversion,2024-10-18 03:35:34.843276,Sucursal Centro,Activa
414,414,MX0000000414,Empresarial,2025-07-11 03:35:34.843276,Banca Digital,Activa
415,415,MX0000000415,Cheques,2024-09-26 03:35:34.843276,Sucursal Centro,Activa
416,416,MX0000000416,Ahorro,2026-03-18 03:35:34.843276,Sucursal Santa Fe,Activa
417,417,MX0000000417,Ahorro,2023-12-14 03:35:34.843276,Sucursal Sur,Activa
418,418,MX0000000418,Cheques,2023-11-17 03:35:34.843276,Sucursal Santa Fe,Activa
419,419,MX0000000419,Inversion,2024-05-29 03:35:34.843276,Banca Digital,Activa
420,420,MX0000000420,Inversion,2024-01-25 03:35:34.843276,Sucursal Norte,Activa
421,421,MX0000000421,Ahorro,2026-02-17 03:35:34.843276,Sucursal Norte,Activa
422,422,MX0000000422,Empresarial,2025-03-23 03:35:34.843276,Sucursal Norte,Activa
423,423,MX0000000423,Cheques,2026-04-03 03:35:34.843276,Sucursal Polanco,Activa
424,424,MX0000000424,Inversion,2024-02-12 03:35:34.843276,Banca Digital,Activa
425,425,MX0000000425,Cheques,2025-07-22 03:35:34.843276,Banca Digital,Activa
426,426,MX0000000426,Cheques,2026-01-07 03:35:34.843276,Banca Digital,Activa
427,427,MX0000000427,Inversion,2024-09-03 03:35:34.843276,Sucursal Polanco,Activa
428,428,MX0000000428,Inversion,2026-05-01 03:35:34.843276,Sucursal Santa Fe,Activa
429,429,MX0000000429,Cheques,2024-12-20 03:35:34.843276,Sucursal Norte,Activa
430,430,MX0000000430,Ahorro,2025-10-31 03:35:34.843276,Sucursal Centro,Activa
431,431,MX0000000431,Ahorro,2026-02-04 03:35:34.843276,Banca Digital,Activa
432,432,MX0000000432,Inversion,2025-08-03 03:35:34.843276,Sucursal Sur,Activa
433,433,MX0000000433,Cheques,2024-09-09 03:35:34.843276,Sucursal Sur,Activa
434,434,MX0000000434,Ahorro,2026-03-27 03:35:34.843276,Sucursal Norte,Activa
435,435,MX0000000435,Inversion,2025-08-01 03:35:34.843276,Sucursal Centro,Activa
436,436,MX0000000436,Cheques,2024-02-01 03:35:34.843276,Sucursal Polanco,Activa
437,437,MX0000000437,Cheques,2025-10-09 03:35:34.843276,Sucursal Sur,Activa
438,438,MX0000000438,Cheques,2024-05-14 03:35:34.843276,Sucursal Sur,Activa
439,439,MX0000000439,Inversion,2023-10-05 03:35:34.843276,Sucursal Polanco,Activa
440,440,MX0000000440,Ahorro,2023-11-21 03:35:34.843276,Sucursal Sur,Activa
441,441,MX0000000441,Empresarial,2026-01-17 03:35:34.843276,Sucursal Santa Fe,Activa
442,442,MX0000000442,Ahorro,2025-08-04 03:35:34.843276,Sucursal Norte,Activa
443,443,MX0000000443,Inversion,2025-07-22 03:35:34.843276,Sucursal Santa Fe,Activa
444,444,MX0000000444,Ahorro,2026-07-16 03:35:34.843276,Sucursal Polanco,Activa
445,445,MX0000000445,Inversion,2026-04-01 03:35:34.843276,Sucursal Centro,Activa
446,446,MX0000000446,Inversion,2025-02-08 03:35:34.843276,Sucursal Norte,Activa
447,447,MX0000000447,Ahorro,2024-07-01 03:35:34.843276,Banca Digital,Activa
448,448,MX0000000448,Ahorro,2024-04-25 03:35:34.843276,Sucursal Sur,Activa
449,449,MX0000000449,Cheques,2024-03-05 03:35:34.843276,Sucursal Polanco,Activa
450,450,MX0000000450,Cheques,2026-03-09 03:35:34.843276,Banca Digital,Activa
451,451,MX0000000451,Ahorro,2024-12-02 03:35:34.843276,Sucursal Centro,Activa
452,452,MX0000000452,Cheques,2024-10-19 03:35:34.843276,Banca Digital,Activa
453,453,MX0000000453,Ahorro,2024-10-20 03:35:34.843276,Banca Digital,Activa
454,454,MX0000000454,Empresarial,2026-02-19 03:35:34.843276,Sucursal Sur,Activa
455,455,MX0000000455,Ahorro,2024-05-16 03:35:34.843276,Sucursal Santa Fe,Activa
456,456,MX0000000456,Empresarial,2026-05-27 03:35:34.843276,Banca Digital,Activa
457,457,MX0000000457,Cheques,2024-06-19 03:35:34.843276,Banca Digital,Activa
458,458,MX0000000458,Inversion,2025-02-16 03:35:34.843276,Sucursal Centro,Activa
459,459,MX0000000459,Cheques,2024-12-23 03:35:34.843276,Sucursal Sur,Activa
460,460,MX0000000460,Ahorro,2023-12-22 03:35:34.843276,Sucursal Santa Fe,Activa
461,461,MX0000000461,Empresarial,2026-05-23 03:35:34.843276,Sucursal Norte,Activa
462,462,MX0000000462,Cheques,2026-04-19 03:35:34.843276,Banca Digital,Activa
463,463,MX0000000463,Cheques,2024-07-20 03:35:34.843276,Sucursal Polanco,Activa
464,464,MX0000000464,Cheques,2026-08-04 03:35:34.843276,Sucursal Centro,Activa
465,465,MX0000000465,Ahorro,2025-01-24 03:35:34.843276,Sucursal Sur,Activa
466,466,MX0000000466,Ahorro,2024-10-28 03:35:34.843276,Sucursal Sur,Activa
467,467,MX0000000467,Empresarial,2025-08-01 03:35:34.843276,Sucursal Polanco,Activa
468,468,MX0000000468,Empresarial,2024-12-02 03:35:34.843276,Sucursal Norte,Activa
469,469,MX0000000469,Cheques,2024-03-13 03:35:34.843276,Sucursal Santa Fe,Activa
470,470,MX0000000470,Cheques,2024-12-02 03:35:34.843276,Sucursal Santa Fe,Activa
471,471,MX0000000471,Inversion,2025-06-06 03:35:34.843276,Sucursal Centro,Activa
472,472,MX0000000472,Empresarial,2024-08-19 03:35:34.843276,Sucursal Santa Fe,Activa
473,473,MX0000000473,Cheques,2025-12-04 03:35:34.843276,Sucursal Sur,Activa
474,474,MX0000000474,Empresarial,2026-07-11 03:35:34.843276,Banca Digital,Activa
475,475,MX0000000475,Empresarial,2025-05-03 03:35:34.843276,Banca Digital,Activa
476,476,MX0000000476,Empresarial,2023-10-26 03:35:34.843276,Sucursal Norte,Activa
477,477,MX0000000477,Inversion,2024-01-13 03:35:34.843276,Banca Digital,Activa
478,478,MX0000000478,Cheques,2025-08-17 03:35:34.843276,Sucursal Norte,Activa
479,479,MX0000000479,Inversion,2025-07-25 03:35:34.843276,Sucursal Centro,Activa
480,480,MX0000000480,Ahorro,2026-02-22 03:35:34.843276,Sucursal Sur,Activa
481,481,MX0000000481,Empresarial,2024-02-27 03:35:34.843276,Sucursal Norte,Activa
482,482,MX0000000482,Inversion,2026-07-28 03:35:34.843276,Sucursal Norte,Activa
483,483,MX0000000483,Cheques,2026-07-28 03:35:34.843276,Sucursal Sur,Activa
484,484,MX0000000484,Ahorro,2025-01-02 03:35:34.843276,Sucursal Centro,Activa
485,485,MX0000000485,Inversion,2024-08-09 03:35:34.843276,Sucursal Norte,Activa
486,486,MX0000000486,Ahorro,2026-07-11 03:35:34.843276,Sucursal Sur,Activa
487,487,MX0000000487,Ahorro,2025-11-17 03:35:34.843276,Sucursal Polanco,Activa
488,488,MX0000000488,Inversion,2025-05-04 03:35:34.843276,Sucursal Centro,Activa
489,489,MX0000000489,Inversion,2025-01-24 03:35:34.843276,Sucursal Sur,Activa
490,490,MX0000000490,Inversion,2024-04-20 03:35:34.843276,Sucursal Sur,Activa
491,491,MX0000000491,Inversion,2026-08-17 03:35:34.843276,Sucursal Norte,Activa
492,492,MX0000000492,Inversion,2026-02-25 03:35:34.843276,Sucursal Santa Fe,Activa
493,493,MX0000000493,Cheques,2024-01-27 03:35:34.843276,Sucursal Sur,Activa
494,494,MX0000000494,Inversion,2024-01-16 03:35:34.843276,Sucursal Polanco,Activa
495,495,MX0000000495,Cheques,2026-06-07 03:35:34.843276,Sucursal Polanco,Activa
496,496,MX0000000496,Ahorro,2024-09-30 03:35:34.843276,Sucursal Norte,Activa
497,497,MX0000000497,Ahorro,2025-08-25 03:35:34.843276,Sucursal Santa Fe,Activa
498,498,MX0000000498,Inversion,2024-03-04 03:35:34.843276,Sucursal Polanco,Activa
499,499,MX0000000499,Cheques,2025-06-11 03:35:34.843276,Sucursal Sur,Activa
500,500,MX0000000500,Empresarial,2025-06-23 03:35:34.843276,Sucursal Centro,Activa
501,501,MX0000000501,Inversion,2025-08-25 03:35:34.843276,Banca Digital,Activa
502,502,MX0000000502,Cheques,2023-11-03 03:35:34.843276,Sucursal Santa Fe,Activa
503,503,MX0000000503,Cheques,2025-09-11 03:35:34.843276,Sucursal Sur,Activa
504,504,MX0000000504,Inversion,2024-04-15 03:35:34.843276,Banca Digital,Activa
505,505,MX0000000505,Cheques,2024-04-11 03:35:34.843276,Sucursal Centro,Activa
506,506,MX0000000506,Inversion,2025-07-12 03:35:34.843276,Sucursal Norte,Activa
507,507,MX0000000507,Ahorro,2025-06-23 03:35:34.843276,Sucursal Sur,Activa
508,508,MX0000000508,Cheques,2024-05-26 03:35:34.843276,Sucursal Polanco,Activa
509,509,MX0000000509,Inversion,2024-01-29 03:35:34.843276,Sucursal Norte,Activa
510,510,MX0000000510,Inversion,2026-07-03 03:35:34.843276,Sucursal Centro,Activa
511,511,MX0000000511,Cheques,2026-04-13 03:35:34.843276,Sucursal Polanco,Activa
512,512,MX0000000512,Cheques,2025-07-26 03:35:34.843276,Sucursal Centro,Activa
513,513,MX0000000513,Cheques,2025-03-15 03:35:34.843276,Sucursal Polanco,Activa
514,514,MX0000000514,Cheques,2025-08-23 03:35:34.843276,Sucursal Norte,Activa
515,515,MX0000000515,Cheques,2025-10-22 03:35:34.843276,Sucursal Centro,Activa
516,516,MX0000000516,Inversion,2024-05-09 03:35:34.843276,Sucursal Norte,Activa
517,517,MX0000000517,Ahorro,2026-06-06 03:35:34.843276,Sucursal Norte,Activa
518,518,MX0000000518,Inversion,2024-01-21 03:35:34.843276,Sucursal Polanco,Activa
519,519,MX0000000519,Ahorro,2024-08-11 03:35:34.843276,Sucursal Polanco,Activa
520,520,MX0000000520,Empresarial,2025-06-24 03:35:34.843276,Sucursal Norte,Activa
521,521,MX0000000521,Inversion,2025-11-01 03:35:34.843276,Sucursal Norte,Activa
522,522,MX0000000522,Cheques,2024-06-20 03:35:34.843276,Sucursal Sur,Activa
523,523,MX0000000523,Inversion,2024-04-20 03:35:34.843276,Sucursal Centro,Activa
524,524,MX0000000524,Cheques,2024-11-07 03:35:34.843276,Sucursal Sur,Activa
525,525,MX0000000525,Inversion,2024-08-10 03:35:34.843276,Sucursal Centro,Activa
526,526,MX0000000526,Inversion,2023-10-12 03:35:34.843276,Sucursal Norte,Activa
527,527,MX0000000527,Inversion,2026-05-20 03:35:34.843276,Sucursal Santa Fe,Activa
528,528,MX0000000528,Cheques,2025-04-23 03:35:34.843276,Sucursal Sur,Activa
529,529,MX0000000529,Cheques,2026-05-02 03:35:34.843276,Sucursal Centro,Activa
530,530,MX0000000530,Inversion,2023-12-16 03:35:34.843276,Banca Digital,Activa
531,531,MX0000000531,Cheques,2026-04-09 03:35:34.843276,Sucursal Centro,Activa
532,532,MX0000000532,Cheques,2024-04-15 03:35:34.843276,Sucursal Centro,Activa
533,533,MX0000000533,Inversion,2023-11-20 03:35:34.843276,Sucursal Norte,Activa
534,534,MX0000000534,Ahorro,2025-10-19 03:35:34.843276,Sucursal Santa Fe,Activa
535,535,MX0000000535,Cheques,2025-02-09 03:35:34.843276,Sucursal Sur,Activa
536,536,MX0000000536,Empresarial,2024-03-27 03:35:34.843276,Sucursal Norte,Activa
537,537,MX0000000537,Inversion,2026-04-17 03:35:34.843276,Banca Digital,Activa
538,538,MX0000000538,Cheques,2024-11-20 03:35:34.843276,Sucursal Centro,Activa
539,539,MX0000000539,Ahorro,2026-09-03 03:35:34.843276,Sucursal Polanco,Activa
540,540,MX0000000540,Inversion,2025-03-27 03:35:34.843276,Sucursal Polanco,Activa
541,541,MX0000000541,Inversion,2025-01-19 03:35:34.843276,Sucursal Sur,Activa
542,542,MX0000000542,Empresarial,2023-11-06 03:35:34.843276,Sucursal Polanco,Activa
543,543,MX0000000543,Empresarial,2025-02-24 03:35:34.843276,Sucursal Polanco,Activa
544,544,MX0000000544,Ahorro,2025-04-12 03:35:34.843276,Sucursal Santa Fe,Activa
545,545,MX0000000545,Cheques,2024-12-30 03:35:34.843276,Sucursal Santa Fe,Activa
546,546,MX0000000546,Inversion,2026-01-13 03:35:34.843276,Sucursal Norte,Activa
547,547,MX0000000547,Inversion,2024-10-25 03:35:34.843276,Sucursal Santa Fe,Activa
548,548,MX0000000548,Cheques,2026-05-10 03:35:34.843276,Sucursal Centro,Activa
549,549,MX0000000549,Ahorro,2025-08-27 03:35:34.843276,Sucursal Polanco,Activa
550,550,MX0000000550,Inversion,2026-03-04 03:35:34.843276,Sucursal Norte,Activa
551,551,MX0000000551,Cheques,2024-04-14 03:35:34.843276,Sucursal Sur,Activa
552,552,MX0000000552,Empresarial,2025-03-03 03:35:34.843276,Sucursal Norte,Activa
553,553,MX0000000553,Ahorro,2026-02-12 03:35:34.843276,Banca Digital,Activa
554,554,MX0000000554,Cheques,2024-10-23 03:35:34.843276,Sucursal Centro,Activa
555,555,MX0000000555,Cheques,2025-08-18 03:35:34.843276,Sucursal Polanco,Activa
556,556,MX0000000556,Inversion,2023-12-10 03:35:34.843276,Sucursal Polanco,Activa
557,557,MX0000000557,Inversion,2025-10-31 03:35:34.843276,Sucursal Norte,Activa
558,558,MX0000000558,Inversion,2026-03-26 03:35:34.843276,Sucursal Sur,Activa
559,559,MX0000000559,Inversion,2026-01-23 03:35:34.843276,Sucursal Centro,Activa
560,560,MX0000000560,Empresarial,2026-04-29 03:35:34.843276,Sucursal Santa Fe,Activa
561,561,MX0000000561,Inversion,2024-09-03 03:35:34.843276,Sucursal Polanco,Activa
562,562,MX0000000562,Inversion,2026-01-17 03:35:34.843276,Sucursal Norte,Activa
563,563,MX0000000563,Cheques,2024-09-15 03:35:34.843276,Sucursal Centro,Activa
564,564,MX0000000564,Ahorro,2024-10-31 03:35:34.843276,Sucursal Norte,Activa
565,565,MX0000000565,Inversion,2024-10-20 03:35:34.843276,Sucursal Centro,Activa
566,566,MX0000000566,Ahorro,2025-04-26 03:35:34.843276,Sucursal Polanco,Activa
567,567,MX0000000567,Empresarial,2025-05-21 03:35:34.843276,Sucursal Norte,Activa
568,568,MX0000000568,Inversion,2025-06-03 03:35:34.843276,Sucursal Norte,Activa
569,569,MX0000000569,Cheques,2025-08-15 03:35:34.843276,Sucursal Sur,Activa
570,570,MX0000000570,Inversion,2024-05-08 03:35:34.843276,Sucursal Centro,Activa
571,571,MX0000000571,Ahorro,2024-04-15 03:35:34.843276,Banca Digital,Activa
572,572,MX0000000572,Inversion,2025-04-05 03:35:34.843276,Sucursal Sur,Activa
573,573,MX0000000573,Inversion,2026-03-13 03:35:34.843276,Banca Digital,Activa
574,574,MX0000000574,Cheques,2025-05-20 03:35:34.843276,Sucursal Centro,Activa
575,575,MX0000000575,Cheques,2026-04-08 03:35:34.843276,Sucursal Centro,Activa
576,576,MX0000000576,Inversion,2024-06-09 03:35:34.843276,Sucursal Santa Fe,Activa
577,577,MX0000000577,Ahorro,2025-01-20 03:35:34.843276,Sucursal Centro,Activa
578,578,MX0000000578,Ahorro,2024-08-04 03:35:34.843276,Sucursal Sur,Activa
579,579,MX0000000579,Inversion,2026-05-19 03:35:34.843276,Banca Digital,Activa
580,580,MX0000000580,Cheques,2025-02-05 03:35:34.843276,Sucursal Polanco,Activa
581,581,MX0000000581,Ahorro,2023-11-06 03:35:34.843276,Sucursal Polanco,Activa
582,582,MX0000000582,Ahorro,2026-01-11 03:35:34.843276,Sucursal Centro,Activa
583,583,MX0000000583,Empresarial,2025-04-15 03:35:34.843276,Banca Digital,Activa
584,584,MX0000000584,Inversion,2025-01-31 03:35:34.843276,Sucursal Norte,Activa
585,585,MX0000000585,Inversion,2025-11-15 03:35:34.843276,Sucursal Centro,Activa
586,586,MX0000000586,Empresarial,2026-01-07 03:35:34.843276,Banca Digital,Activa
587,587,MX0000000587,Ahorro,2025-08-11 03:35:34.843276,Banca Digital,Activa
588,588,MX0000000588,Ahorro,2026-03-05 03:35:34.843276,Sucursal Norte,Activa
589,589,MX0000000589,Cheques,2024-05-12 03:35:34.843276,Sucursal Polanco,Activa
590,590,MX0000000590,Ahorro,2025-01-30 03:35:34.843276,Sucursal Norte,Activa
591,591,MX0000000591,Ahorro,2026-09-08 03:35:34.843276,Sucursal Norte,Activa
592,592,MX0000000592,Inversion,2024-10-18 03:35:34.843276,Sucursal Centro,Activa
593,593,MX0000000593,Cheques,2025-06-20 03:35:34.843276,Banca Digital,Activa
594,594,MX0000000594,Ahorro,2025-09-05 03:35:34.843276,Sucursal Sur,Activa
595,595,MX0000000595,Cheques,2024-03-30 03:35:34.843276,Sucursal Santa Fe,Activa
596,596,MX0000000596,Cheques,2023-10-23 03:35:34.843276,Sucursal Norte,Activa
597,597,MX0000000597,Ahorro,2024-04-19 03:35:34.843276,Sucursal Sur,Activa
598,598,MX0000000598,Ahorro,2024-10-02 03:35:34.843276,Sucursal Centro,Activa
599,599,MX0000000599,Ahorro,2024-09-09 03:35:34.843276,Sucursal Centro,Activa
600,600,MX0000000600,Inversion,2024-05-29 03:35:34.843276,Banca Digital,Activa
601,601,MX0000000601,Ahorro,2025-04-08 03:35:34.843276,Sucursal Sur,Activa
602,602,MX0000000602,Inversion,2025-03-13 03:35:34.843276,Sucursal Centro,Activa
603,603,MX0000000603,Inversion,2024-01-26 03:35:34.843276,Sucursal Polanco,Activa
604,604,MX0000000604,Inversion,2025-12-09 03:35:34.843276,Sucursal Norte,Activa
605,605,MX0000000605,Inversion,2025-01-21 03:35:34.843276,Sucursal Santa Fe,Activa
606,606,MX0000000606,Inversion,2026-04-21 03:35:34.843276,Sucursal Centro,Activa
607,607,MX0000000607,Ahorro,2024-01-10 03:35:34.843276,Sucursal Santa Fe,Activa
608,608,MX0000000608,Cheques,2024-04-06 03:35:34.843276,Sucursal Polanco,Activa
609,609,MX0000000609,Cheques,2024-05-16 03:35:34.843276,Sucursal Sur,Activa
610,610,MX0000000610,Ahorro,2025-12-01 03:35:34.843276,Sucursal Norte,Activa
611,611,MX0000000611,Cheques,2026-02-03 03:35:34.843276,Sucursal Norte,Activa
612,612,MX0000000612,Ahorro,2024-07-16 03:35:34.843276,Sucursal Centro,Activa
613,613,MX0000000613,Cheques,2026-01-03 03:35:34.843276,Sucursal Centro,Activa
614,614,MX0000000614,Ahorro,2024-03-07 03:35:34.843276,Sucursal Norte,Activa
615,615,MX0000000615,Cheques,2025-04-05 03:35:34.843276,Sucursal Norte,Activa
616,616,MX0000000616,Cheques,2024-02-20 03:35:34.843276,Sucursal Sur,Activa
617,617,MX0000000617,Ahorro,2024-12-23 03:35:34.843276,Sucursal Centro,Activa
618,618,MX0000000618,Inversion,2026-09-11 03:35:34.843276,Sucursal Santa Fe,Activa
619,619,MX0000000619,Inversion,2024-01-31 03:35:34.843276,Sucursal Norte,Activa
620,620,MX0000000620,Ahorro,2026-05-27 03:35:34.843276,Banca Digital,Activa
621,621,MX0000000621,Inversion,2026-08-16 03:35:34.843276,Sucursal Sur,Activa
622,622,MX0000000622,Empresarial,2024-10-22 03:35:34.843276,Sucursal Santa Fe,Activa
623,623,MX0000000623,Inversion,2025-11-13 03:35:34.843276,Sucursal Polanco,Activa
624,624,MX0000000624,Cheques,2024-09-09 03:35:34.843276,Banca Digital,Activa
625,625,MX0000000625,Empresarial,2025-09-08 03:35:34.843276,Sucursal Centro,Activa
626,626,MX0000000626,Inversion,2024-05-30 03:35:34.843276,Sucursal Norte,Activa
627,627,MX0000000627,Cheques,2024-08-30 03:35:34.843276,Sucursal Centro,Activa
628,628,MX0000000628,Ahorro,2024-07-11 03:35:34.843276,Sucursal Centro,Activa
629,629,MX0000000629,Inversion,2026-03-11 03:35:34.843276,Sucursal Norte,Activa
630,630,MX0000000630,Empresarial,2026-03-27 03:35:34.843276,Sucursal Centro,Activa
631,631,MX0000000631,Inversion,2026-01-27 03:35:34.843276,Sucursal Norte,Activa
632,632,MX0000000632,Cheques,2023-11-03 03:35:34.843276,Sucursal Centro,Activa
633,633,MX0000000633,Ahorro,2025-01-03 03:35:34.843276,Sucursal Polanco,Activa
634,634,MX0000000634,Inversion,2024-03-17 03:35:34.843276,Banca Digital,Activa
635,635,MX0000000635,Inversion,2026-02-08 03:35:34.843276,Sucursal Centro,Activa
636,636,MX0000000636,Cheques,2025-11-27 03:35:34.843276,Sucursal Sur,Activa
637,637,MX0000000637,Cheques,2024-10-14 03:35:34.843276,Sucursal Norte,Activa
638,638,MX0000000638,Cheques,2024-09-02 03:35:34.843276,Sucursal Norte,Activa
639,639,MX0000000639,Empresarial,2023-11-23 03:35:34.843276,Sucursal Centro,Activa
640,640,MX0000000640,Ahorro,2026-04-27 03:35:34.843276,Sucursal Norte,Activa
641,641,MX0000000641,Inversion,2024-03-16 03:35:34.843276,Sucursal Norte,Activa
642,642,MX0000000642,Empresarial,2025-09-10 03:35:34.843276,Sucursal Santa Fe,Activa
643,643,MX0000000643,Empresarial,2026-07-12 03:35:34.843276,Sucursal Sur,Activa
644,644,MX0000000644,Ahorro,2025-05-21 03:35:34.843276,Sucursal Centro,Activa
645,645,MX0000000645,Ahorro,2023-12-16 03:35:34.843276,Sucursal Santa Fe,Activa
646,646,MX0000000646,Cheques,2023-10-23 03:35:34.843276,Sucursal Norte,Activa
647,647,MX0000000647,Inversion,2026-08-16 03:35:34.843276,Sucursal Norte,Activa
648,648,MX0000000648,Inversion,2023-10-01 03:35:34.843276,Sucursal Sur,Activa
649,649,MX0000000649,Cheques,2023-12-16 03:35:34.843276,Banca Digital,Activa
650,650,MX0000000650,Inversion,2025-04-02 03:35:34.843276,Sucursal Polanco,Activa
651,651,MX0000000651,Cheques,2024-06-08 03:35:34.843276,Sucursal Centro,Activa
652,652,MX0000000652,Inversion,2025-02-04 03:35:34.843276,Sucursal Centro,Activa
653,653,MX0000000653,Empresarial,2024-05-15 03:35:34.843276,Sucursal Polanco,Activa
654,654,MX0000000654,Ahorro,2023-12-15 03:35:34.843276,Banca Digital,Activa
655,655,MX0000000655,Inversion,2026-08-12 03:35:34.843276,Sucursal Polanco,Activa
656,656,MX0000000656,Inversion,2024-07-05 03:35:34.843276,Sucursal Norte,Activa
657,657,MX0000000657,Cheques,2024-06-28 03:35:34.843276,Sucursal Polanco,Activa
658,658,MX0000000658,Inversion,2025-10-31 03:35:34.843276,Sucursal Santa Fe,Activa
659,659,MX0000000659,Cheques,2025-06-20 03:35:34.843276,Banca Digital,Activa
660,660,MX0000000660,Cheques,2023-12-20 03:35:34.843276,Sucursal Centro,Activa
661,661,MX0000000661,Empresarial,2026-04-06 03:35:34.843276,Sucursal Santa Fe,Activa
662,662,MX0000000662,Inversion,2025-04-11 03:35:34.843276,Sucursal Polanco,Activa
663,663,MX0000000663,Cheques,2023-11-24 03:35:34.843276,Sucursal Santa Fe,Activa
664,664,MX0000000664,Cheques,2025-12-04 03:35:34.843276,Banca Digital,Activa
665,665,MX0000000665,Cheques,2024-03-21 03:35:34.843276,Sucursal Santa Fe,Activa
666,666,MX0000000666,Ahorro,2026-01-12 03:35:34.843276,Sucursal Santa Fe,Activa
667,667,MX0000000667,Cheques,2026-05-28 03:35:34.843276,Sucursal Santa Fe,Activa
668,668,MX0000000668,Inversion,2024-08-04 03:35:34.843276,Sucursal Centro,Activa
669,669,MX0000000669,Empresarial,2026-01-17 03:35:34.843276,Sucursal Norte,Activa
670,670,MX0000000670,Empresarial,2026-05-09 03:35:34.843276,Sucursal Sur,Activa
671,671,MX0000000671,Cheques,2025-10-26 03:35:34.843276,Sucursal Polanco,Activa
672,672,MX0000000672,Ahorro,2025-01-20 03:35:34.843276,Sucursal Norte,Activa
673,673,MX0000000673,Ahorro,2026-06-22 03:35:34.843276,Banca Digital,Activa
674,674,MX0000000674,Ahorro,2024-12-07 03:35:34.843276,Banca Digital,Activa
675,675,MX0000000675,Cheques,2025-12-06 03:35:34.843276,Sucursal Centro,Activa
676,676,MX0000000676,Ahorro,2023-12-28 03:35:34.843276,Sucursal Norte,Activa
677,677,MX0000000677,Ahorro,2025-09-10 03:35:34.843276,Sucursal Centro,Activa
678,678,MX0000000678,Ahorro,2024-10-06 03:35:34.843276,Sucursal Santa Fe,Activa
679,679,MX0000000679,Inversion,2025-02-06 03:35:34.843276,Sucursal Sur,Activa
680,680,MX0000000680,Ahorro,2024-04-12 03:35:34.843276,Sucursal Centro,Activa
681,681,MX0000000681,Inversion,2025-10-29 03:35:34.843276,Sucursal Centro,Activa
682,682,MX0000000682,Ahorro,2024-09-21 03:35:34.843276,Banca Digital,Activa
683,683,MX0000000683,Cheques,2025-10-10 03:35:34.843276,Banca Digital,Activa
684,684,MX0000000684,Inversion,2024-07-26 03:35:34.843276,Sucursal Polanco,Activa
685,685,MX0000000685,Ahorro,2026-06-27 03:35:34.843276,Sucursal Centro,Activa
686,686,MX0000000686,Ahorro,2024-02-25 03:35:34.843276,Banca Digital,Activa
687,687,MX0000000687,Ahorro,2025-07-25 03:35:34.843276,Sucursal Santa Fe,Activa
688,688,MX0000000688,Empresarial,2023-12-16 03:35:34.843276,Sucursal Sur,Activa
689,689,MX0000000689,Cheques,2025-12-07 03:35:34.843276,Sucursal Polanco,Activa
690,690,MX0000000690,Ahorro,2024-06-27 03:35:34.843276,Sucursal Polanco,Activa
691,691,MX0000000691,Ahorro,2025-08-05 03:35:34.843276,Sucursal Centro,Activa
692,692,MX0000000692,Empresarial,2025-06-30 03:35:34.843276,Sucursal Centro,Activa
693,693,MX0000000693,Cheques,2024-09-24 03:35:34.843276,Sucursal Norte,Activa
694,694,MX0000000694,Ahorro,2025-05-05 03:35:34.843276,Banca Digital,Activa
695,695,MX0000000695,Inversion,2025-04-04 03:35:34.843276,Sucursal Norte,Activa
696,696,MX0000000696,Cheques,2025-04-03 03:35:34.843276,Banca Digital,Activa
697,697,MX0000000697,Ahorro,2025-08-12 03:35:34.843276,Banca Digital,Activa
698,698,MX0000000698,Cheques,2025-12-08 03:35:34.843276,Sucursal Polanco,Activa
699,699,MX0000000699,Ahorro,2025-10-23 03:35:34.843276,Sucursal Norte,Activa
700,700,MX0000000700,Ahorro,2026-08-13 03:35:34.843276,Sucursal Norte,Activa
701,701,MX0000000701,Cheques,2025-09-21 03:35:34.843276,Sucursal Norte,Activa
702,702,MX0000000702,Empresarial,2025-01-08 03:35:34.843276,Sucursal Sur,Activa
703,703,MX0000000703,Inversion,2026-08-27 03:35:34.843276,Sucursal Norte,Activa
704,704,MX0000000704,Empresarial,2025-05-18 03:35:34.843276,Sucursal Santa Fe,Activa
705,705,MX0000000705,Cheques,2026-05-10 03:35:34.843276,Sucursal Santa Fe,Activa
706,706,MX0000000706,Cheques,2025-04-15 03:35:34.843276,Sucursal Centro,Activa
707,707,MX0000000707,Inversion,2025-11-24 03:35:34.843276,Sucursal Norte,Activa
708,708,MX0000000708,Ahorro,2023-12-15 03:35:34.843276,Sucursal Centro,Activa
709,709,MX0000000709,Inversion,2025-10-30 03:35:34.843276,Banca Digital,Activa
710,710,MX0000000710,Ahorro,2024-11-08 03:35:34.843276,Sucursal Polanco,Activa
711,711,MX0000000711,Inversion,2025-06-22 03:35:34.843276,Banca Digital,Activa
712,712,MX0000000712,Ahorro,2025-08-02 03:35:34.843276,Sucursal Centro,Activa
713,713,MX0000000713,Empresarial,2023-11-30 03:35:34.843276,Sucursal Santa Fe,Activa
714,714,MX0000000714,Empresarial,2025-08-12 03:35:34.843276,Sucursal Centro,Activa
715,715,MX0000000715,Inversion,2025-03-08 03:35:34.843276,Sucursal Santa Fe,Activa
716,716,MX0000000716,Inversion,2025-01-01 03:35:34.843276,Sucursal Norte,Activa
717,717,MX0000000717,Inversion,2025-01-20 03:35:34.843276,Sucursal Norte,Activa
718,718,MX0000000718,Cheques,2025-01-24 03:35:34.843276,Sucursal Polanco,Activa
719,719,MX0000000719,Inversion,2025-07-27 03:35:34.843276,Sucursal Sur,Activa
720,720,MX0000000720,Ahorro,2024-02-26 03:35:34.843276,Sucursal Norte,Activa
721,721,MX0000000721,Ahorro,2026-07-15 03:35:34.843276,Sucursal Santa Fe,Activa
722,722,MX0000000722,Empresarial,2025-10-09 03:35:34.843276,Sucursal Polanco,Activa
723,723,MX0000000723,Inversion,2024-07-15 03:35:34.843276,Sucursal Santa Fe,Activa
724,724,MX0000000724,Cheques,2024-04-11 03:35:34.843276,Sucursal Polanco,Activa
725,725,MX0000000725,Cheques,2026-03-06 03:35:34.843276,Sucursal Sur,Activa
726,726,MX0000000726,Cheques,2024-08-31 03:35:34.843276,Sucursal Sur,Activa
727,727,MX0000000727,Cheques,2024-04-02 03:35:34.843276,Sucursal Polanco,Activa
728,728,MX0000000728,Cheques,2024-01-19 03:35:34.843276,Sucursal Sur,Activa
729,729,MX0000000729,Ahorro,2025-09-29 03:35:34.843276,Sucursal Centro,Activa
730,730,MX0000000730,Ahorro,2026-07-24 03:35:34.843276,Sucursal Polanco,Activa
731,731,MX0000000731,Inversion,2026-09-14 03:35:34.843276,Banca Digital,Activa
732,732,MX0000000732,Inversion,2025-12-31 03:35:34.843276,Sucursal Sur,Activa
733,733,MX0000000733,Ahorro,2026-02-09 03:35:34.843276,Banca Digital,Activa
734,734,MX0000000734,Empresarial,2025-11-26 03:35:34.843276,Banca Digital,Activa
735,735,MX0000000735,Ahorro,2024-09-20 03:35:34.843276,Sucursal Sur,Activa
736,736,MX0000000736,Ahorro,2026-01-11 03:35:34.843276,Sucursal Sur,Activa
737,737,MX0000000737,Inversion,2025-12-04 03:35:34.843276,Banca Digital,Activa
738,738,MX0000000738,Cheques,2024-05-04 03:35:34.843276,Sucursal Centro,Activa
739,739,MX0000000739,Ahorro,2024-05-05 03:35:34.843276,Banca Digital,Activa
740,740,MX0000000740,Ahorro,2026-07-08 03:35:34.843276,Sucursal Centro,Activa
741,741,MX0000000741,Empresarial,2025-01-10 03:35:34.843276,Sucursal Sur,Activa
742,742,MX0000000742,Inversion,2024-08-29 03:35:34.843276,Sucursal Santa Fe,Activa
743,743,MX0000000743,Cheques,2024-10-16 03:35:34.843276,Sucursal Norte,Activa
744,744,MX0000000744,Inversion,2025-07-10 03:35:34.843276,Banca Digital,Activa
745,745,MX0000000745,Ahorro,2026-08-20 03:35:34.843276,Sucursal Polanco,Activa
746,746,MX0000000746,Ahorro,2023-11-06 03:35:34.843276,Sucursal Polanco,Activa
747,747,MX0000000747,Ahorro,2026-05-14 03:35:34.843276,Sucursal Norte,Activa
748,748,MX0000000748,Inversion,2024-04-14 03:35:34.843276,Sucursal Sur,Activa
749,749,MX0000000749,Cheques,2025-08-07 03:35:34.843276,Sucursal Sur,Activa
750,750,MX0000000750,Ahorro,2024-07-17 03:35:34.843276,Sucursal Santa Fe,Activa
751,751,MX0000000751,Inversion,2026-08-19 03:35:34.843276,Sucursal Norte,Activa
752,752,MX0000000752,Cheques,2025-08-06 03:35:34.843276,Banca Digital,Activa
753,753,MX0000000753,Ahorro,2024-07-18 03:35:34.843276,Sucursal Polanco,Activa
754,754,MX0000000754,Cheques,2026-01-11 03:35:34.843276,Banca Digital,Activa
755,755,MX0000000755,Inversion,2025-08-23 03:35:34.843276,Banca Digital,Activa
756,756,MX0000000756,Inversion,2024-10-24 03:35:34.843276,Sucursal Centro,Activa
757,757,MX0000000757,Empresarial,2026-05-20 03:35:34.843276,Sucursal Centro,Activa
758,758,MX0000000758,Inversion,2025-02-23 03:35:34.843276,Sucursal Polanco,Activa
759,759,MX0000000759,Ahorro,2025-07-20 03:35:34.843276,Sucursal Centro,Activa
760,760,MX0000000760,Ahorro,2023-11-30 03:35:34.843276,Sucursal Santa Fe,Activa
761,761,MX0000000761,Cheques,2025-07-03 03:35:34.843276,Banca Digital,Activa
762,762,MX0000000762,Cheques,2025-06-06 03:35:34.843276,Sucursal Centro,Activa
763,763,MX0000000763,Inversion,2026-03-20 03:35:34.843276,Sucursal Polanco,Activa
764,764,MX0000000764,Inversion,2025-02-07 03:35:34.843276,Sucursal Polanco,Activa
765,765,MX0000000765,Ahorro,2024-06-17 03:35:34.843276,Sucursal Santa Fe,Activa
766,766,MX0000000766,Ahorro,2025-10-16 03:35:34.843276,Sucursal Norte,Activa
767,767,MX0000000767,Ahorro,2025-10-03 03:35:34.843276,Sucursal Santa Fe,Activa
768,768,MX0000000768,Ahorro,2024-09-13 03:35:34.843276,Sucursal Centro,Activa
769,769,MX0000000769,Ahorro,2024-12-19 03:35:34.843276,Sucursal Polanco,Activa
770,770,MX0000000770,Inversion,2024-03-14 03:35:34.843276,Sucursal Sur,Activa
771,771,MX0000000771,Inversion,2024-11-18 03:35:34.843276,Sucursal Centro,Activa
772,772,MX0000000772,Ahorro,2023-11-16 03:35:34.843276,Sucursal Sur,Activa
773,773,MX0000000773,Ahorro,2026-02-23 03:35:34.843276,Sucursal Sur,Activa
774,774,MX0000000774,Cheques,2026-01-21 03:35:34.843276,Sucursal Centro,Activa
775,775,MX0000000775,Empresarial,2024-06-16 03:35:34.843276,Banca Digital,Activa
776,776,MX0000000776,Ahorro,2024-05-14 03:35:34.843276,Sucursal Sur,Activa
777,777,MX0000000777,Cheques,2024-09-28 03:35:34.843276,Sucursal Centro,Activa
778,778,MX0000000778,Ahorro,2024-07-21 03:35:34.843276,Banca Digital,Activa
779,779,MX0000000779,Ahorro,2026-03-06 03:35:34.843276,Sucursal Sur,Activa
780,780,MX0000000780,Cheques,2025-09-27 03:35:34.843276,Sucursal Norte,Activa
781,781,MX0000000781,Cheques,2023-12-16 03:35:34.843276,Sucursal Santa Fe,Activa
782,782,MX0000000782,Ahorro,2026-06-14 03:35:34.843276,Banca Digital,Activa
783,783,MX0000000783,Empresarial,2025-01-01 03:35:34.843276,Sucursal Santa Fe,Activa
784,784,MX0000000784,Inversion,2023-11-08 03:35:34.843276,Banca Digital,Activa
785,785,MX0000000785,Ahorro,2024-04-05 03:35:34.843276,Banca Digital,Activa
786,786,MX0000000786,Inversion,2025-05-31 03:35:34.843276,Sucursal Centro,Activa
787,787,MX0000000787,Inversion,2023-11-02 03:35:34.843276,Sucursal Centro,Activa
788,788,MX0000000788,Inversion,2025-01-20 03:35:34.843276,Sucursal Sur,Activa
789,789,MX0000000789,Ahorro,2026-04-16 03:35:34.843276,Sucursal Sur,Activa
790,790,MX0000000790,Empresarial,2026-08-19 03:35:34.843276,Sucursal Norte,Activa
791,791,MX0000000791,Cheques,2025-03-21 03:35:34.843276,Banca Digital,Activa
792,792,MX0000000792,Inversion,2025-01-17 03:35:34.843276,Banca Digital,Activa
793,793,MX0000000793,Inversion,2026-08-20 03:35:34.843276,Sucursal Norte,Activa
794,794,MX0000000794,Inversion,2026-04-02 03:35:34.843276,Sucursal Santa Fe,Activa
795,795,MX0000000795,Cheques,2025-09-20 03:35:34.843276,Sucursal Polanco,Activa
796,796,MX0000000796,Inversion,2024-05-11 03:35:34.843276,Sucursal Sur,Activa
797,797,MX0000000797,Cheques,2024-12-10 03:35:34.843276,Sucursal Santa Fe,Activa
798,798,MX0000000798,Cheques,2024-12-02 03:35:34.843276,Sucursal Sur,Activa
799,799,MX0000000799,Cheques,2025-06-19 03:35:34.843276,Sucursal Santa Fe,Activa
800,800,MX0000000800,Cheques,2024-11-18 03:35:34.843276,Sucursal Norte,Activa
801,1,MX0000090001,Ahorro,2024-09-10 03:35:34.843276,Sucursal Polanco,Activa
802,2,MX0000090002,Ahorro,2024-04-02 03:35:34.843276,Banca Digital,Activa
803,4,MX0000090003,Inversion,2025-03-27 03:35:34.843276,Banca Digital,Activa
804,9,MX0000090004,Inversion,2023-12-20 03:35:34.843276,Sucursal Norte,Activa
805,12,MX0000090005,Cheques,2024-07-29 03:35:34.843276,Sucursal Santa Fe,Activa
806,13,MX0000090006,Cheques,2026-11-27 03:35:34.843276,Sucursal Norte,Activa
807,17,MX0000090007,Inversion,2024-12-21 03:35:34.843276,Sucursal Norte,Activa
808,20,MX0000090008,Inversion,2026-10-22 03:35:34.843276,Sucursal Sur,Activa
809,23,MX0000090009,Cheques,2027-01-18 03:35:34.843276,Sucursal Centro,Activa
810,25,MX0000090010,Inversion,2026-08-05 03:35:34.843276,Sucursal Santa Fe,Activa
811,27,MX0000090011,Inversion,2024-10-20 03:35:34.843276,Sucursal Sur,Activa
812,29,MX0000090012,Inversion,2024-09-03 03:35:34.843276,Sucursal Polanco,Activa
813,34,MX0000090013,Ahorro,2026-09-11 03:35:34.843276,Sucursal Norte,Activa
814,42,MX0000090014,Inversion,2025-06-24 03:35:34.843276,Sucursal Polanco,Activa
815,44,MX0000090015,Inversion,2025-07-20 03:35:34.843276,Banca Digital,Activa
816,47,MX0000090016,Ahorro,2026-01-16 03:35:34.843276,Sucursal Centro,Activa
817,49,MX0000090017,Ahorro,2026-04-30 03:35:34.843276,Banca Digital,Activa
818,50,MX0000090018,Ahorro,2025-05-22 03:35:34.843276,Sucursal Santa Fe,Activa
819,58,MX0000090019,Cheques,2025-11-06 03:35:34.843276,Sucursal Centro,Activa
820,69,MX0000090020,Inversion,2025-06-26 03:35:34.843276,Sucursal Norte,Activa
821,70,MX0000090021,Inversion,2025-03-31 03:35:34.843276,Sucursal Centro,Activa
822,71,MX0000090022,Cheques,2025-10-06 03:35:34.843276,Sucursal Norte,Activa
823,79,MX0000090023,Cheques,2026-12-20 03:35:34.843276,Sucursal Norte,Activa
824,82,MX0000090024,Inversion,2025-02-07 03:35:34.843276,Banca Digital,Activa
825,88,MX0000090025,Ahorro,2025-10-28 03:35:34.843276,Sucursal Polanco,Activa
826,90,MX0000090026,Inversion,2026-04-10 03:35:34.843276,Sucursal Sur,Activa
827,93,MX0000090027,Ahorro,2024-08-06 03:35:34.843276,Sucursal Santa Fe,Activa
828,94,MX0000090028,Ahorro,2024-08-14 03:35:34.843276,Sucursal Sur,Activa
829,100,MX0000090029,Inversion,2024-07-11 03:35:34.843276,Sucursal Polanco,Activa
830,101,MX0000090030,Cheques,2025-06-28 03:35:34.843276,Sucursal Norte,Activa
831,105,MX0000090031,Ahorro,2026-02-27 03:35:34.843276,Sucursal Santa Fe,Activa
832,106,MX0000090032,Ahorro,2025-12-29 03:35:34.843276,Sucursal Polanco,Activa
833,121,MX0000090033,Cheques,2025-04-02 03:35:34.843276,Sucursal Norte,Activa
834,122,MX0000090034,Inversion,2025-01-01 03:35:34.843276,Sucursal Norte,Activa
835,127,MX0000090035,Inversion,2026-02-15 03:35:34.843276,Sucursal Centro,Activa
836,133,MX0000090036,Cheques,2024-11-17 03:35:34.843276,Banca Digital,Activa
837,147,MX0000090037,Inversion,2025-05-09 03:35:34.843276,Banca Digital,Activa
838,149,MX0000090038,Ahorro,2026-11-17 03:35:34.843276,Sucursal Centro,Activa
839,150,MX0000090039,Inversion,2026-12-09 03:35:34.843276,Banca Digital,Activa
840,152,MX0000090040,Ahorro,2026-06-28 03:35:34.843276,Sucursal Polanco,Activa
841,154,MX0000090041,Ahorro,2025-08-08 03:35:34.843276,Banca Digital,Activa
842,156,MX0000090042,Cheques,2027-03-17 03:35:34.843276,Banca Digital,Activa
843,157,MX0000090043,Ahorro,2024-08-06 03:35:34.843276,Sucursal Sur,Activa
844,160,MX0000090044,Cheques,2024-03-21 03:35:34.843276,Sucursal Santa Fe,Activa
845,170,MX0000090045,Ahorro,2025-06-12 03:35:34.843276,Sucursal Polanco,Activa
846,175,MX0000090046,Inversion,2027-03-17 03:35:34.843276,Sucursal Santa Fe,Activa
847,177,MX0000090047,Ahorro,2026-10-02 03:35:34.843276,Sucursal Norte,Activa
848,178,MX0000090048,Inversion,2026-04-28 03:35:34.843276,Sucursal Santa Fe,Activa
849,179,MX0000090049,Cheques,2026-07-13 03:35:34.843276,Sucursal Centro,Activa
850,182,MX0000090050,Cheques,2027-05-10 03:35:34.843276,Sucursal Sur,Activa
851,185,MX0000090051,Ahorro,2024-06-10 03:35:34.843276,Sucursal Centro,Activa
852,186,MX0000090052,Inversion,2026-10-19 03:35:34.843276,Sucursal Santa Fe,Activa
853,187,MX0000090053,Cheques,2025-07-26 03:35:34.843276,Sucursal Sur,Activa
854,195,MX0000090054,Inversion,2025-02-16 03:35:34.843276,Sucursal Polanco,Activa
855,203,MX0000090055,Cheques,2024-09-12 03:35:34.843276,Sucursal Polanco,Activa
856,207,MX0000090056,Ahorro,2024-07-23 03:35:34.843276,Banca Digital,Activa
857,208,MX0000090057,Cheques,2024-07-07 03:35:34.843276,Sucursal Norte,Activa
858,219,MX0000090058,Ahorro,2025-03-17 03:35:34.843276,Sucursal Santa Fe,Activa
859,220,MX0000090059,Ahorro,2024-12-23 03:35:34.843276,Sucursal Santa Fe,Activa
860,225,MX0000090060,Ahorro,2024-05-01 03:35:34.843276,Sucursal Polanco,Activa
861,228,MX0000090061,Inversion,2025-06-02 03:35:34.843276,Sucursal Centro,Activa
862,231,MX0000090062,Ahorro,2027-02-27 03:35:34.843276,Sucursal Santa Fe,Activa
863,235,MX0000090063,Cheques,2026-04-24 03:35:34.843276,Sucursal Norte,Activa
864,236,MX0000090064,Cheques,2024-10-28 03:35:34.843276,Sucursal Sur,Activa
865,239,MX0000090065,Inversion,2024-10-11 03:35:34.843276,Sucursal Sur,Activa
866,243,MX0000090066,Inversion,2024-11-27 03:35:34.843276,Sucursal Sur,Activa
867,247,MX0000090067,Inversion,2026-03-14 03:35:34.843276,Sucursal Polanco,Activa
868,261,MX0000090068,Ahorro,2025-02-20 03:35:34.843276,Sucursal Santa Fe,Activa
869,263,MX0000090069,Cheques,2025-11-16 03:35:34.843276,Sucursal Centro,Activa
870,264,MX0000090070,Ahorro,2026-10-18 03:35:34.843276,Sucursal Polanco,Activa
871,271,MX0000090071,Inversion,2025-09-03 03:35:34.843276,Sucursal Centro,Activa
872,275,MX0000090072,Inversion,2024-06-22 03:35:34.843276,Banca Digital,Activa
873,282,MX0000090073,Cheques,2025-12-09 03:35:34.843276,Sucursal Polanco,Activa
874,286,MX0000090074,Cheques,2027-04-18 03:35:34.843276,Sucursal Norte,Activa
875,289,MX0000090075,Cheques,2024-02-21 03:35:34.843276,Sucursal Centro,Activa
876,291,MX0000090076,Cheques,2024-05-12 03:35:34.843276,Sucursal Norte,Activa
877,296,MX0000090077,Cheques,2024-11-05 03:35:34.843276,Sucursal Sur,Activa
878,299,MX0000090078,Ahorro,2027-02-06 03:35:34.843276,Sucursal Polanco,Activa
879,303,MX0000090079,Ahorro,2025-06-13 03:35:34.843276,Sucursal Santa Fe,Activa
880,307,MX0000090080,Cheques,2025-08-27 03:35:34.843276,Banca Digital,Activa
881,309,MX0000090081,Ahorro,2025-06-27 03:35:34.843276,Sucursal Norte,Activa
882,318,MX0000090082,Inversion,2026-12-17 03:35:34.843276,Banca Digital,Activa
883,325,MX0000090083,Ahorro,2024-12-13 03:35:34.843276,Banca Digital,Activa
884,332,MX0000090084,Cheques,2025-12-16 03:35:34.843276,Sucursal Sur,Activa
885,334,MX0000090085,Cheques,2024-12-29 03:35:34.843276,Sucursal Santa Fe,Activa
886,336,MX0000090086,Cheques,2026-03-08 03:35:34.843276,Sucursal Polanco,Activa
887,342,MX0000090087,Cheques,2026-02-26 03:35:34.843276,Sucursal Polanco,Activa
888,345,MX0000090088,Inversion,2025-09-21 03:35:34.843276,Sucursal Norte,Activa
889,350,MX0000090089,Cheques,2024-07-10 03:35:34.843276,Banca Digital,Activa
890,352,MX0000090090,Cheques,2024-09-30 03:35:34.843276,Banca Digital,Activa
891,356,MX0000090091,Cheques,2026-03-21 03:35:34.843276,Banca Digital,Activa
892,357,MX0000090092,Cheques,2025-11-19 03:35:34.843276,Sucursal Centro,Activa
893,363,MX0000090093,Ahorro,2027-02-04 03:35:34.843276,Sucursal Centro,Activa
894,367,MX0000090094,Inversion,2025-08-15 03:35:34.843276,Sucursal Polanco,Activa
895,380,MX0000090095,Inversion,2024-05-02 03:35:34.843276,Sucursal Sur,Activa
896,383,MX0000090096,Inversion,2026-03-04 03:35:34.843276,Sucursal Polanco,Activa
897,390,MX0000090097,Ahorro,2025-05-15 03:35:34.843276,Sucursal Santa Fe,Activa
898,391,MX0000090098,Cheques,2026-03-26 03:35:34.843276,Sucursal Centro,Activa
899,392,MX0000090099,Cheques,2024-07-13 03:35:34.843276,Banca Digital,Activa
900,394,MX0000090100,Cheques,2023-11-02 03:35:34.843276,Sucursal Polanco,Activa
901,403,MX0000090101,Cheques,2026-11-13 03:35:34.843276,Sucursal Santa Fe,Activa
902,405,MX0000090102,Inversion,2024-11-02 03:35:34.843276,Sucursal Norte,Activa
903,406,MX0000090103,Ahorro,2025-07-07 03:35:34.843276,Sucursal Santa Fe,Activa
904,410,MX0000090104,Cheques,2024-05-28 03:35:34.843276,Banca Digital,Activa
905,416,MX0000090105,Inversion,2027-01-21 03:35:34.843276,Sucursal Centro,Activa
906,419,MX0000090106,Cheques,2025-03-09 03:35:34.843276,Sucursal Norte,Activa
907,425,MX0000090107,Ahorro,2025-09-23 03:35:34.843276,Sucursal Polanco,Activa
908,426,MX0000090108,Ahorro,2026-02-08 03:35:34.843276,Sucursal Polanco,Activa
909,427,MX0000090109,Ahorro,2024-12-17 03:35:34.843276,Sucursal Santa Fe,Activa
910,435,MX0000090110,Inversion,2025-11-19 03:35:34.843276,Sucursal Sur,Activa
911,444,MX0000090111,Ahorro,2026-12-02 03:35:34.843276,Banca Digital,Activa
912,445,MX0000090112,Ahorro,2026-05-26 03:35:34.843276,Sucursal Norte,Activa
913,449,MX0000090113,Cheques,2024-08-18 03:35:34.843276,Sucursal Centro,Activa
914,463,MX0000090114,Ahorro,2024-09-04 03:35:34.843276,Sucursal Norte,Activa
915,466,MX0000090115,Cheques,2024-12-14 03:35:34.843276,Sucursal Polanco,Activa
916,467,MX0000090116,Cheques,2025-10-10 03:35:34.843276,Sucursal Santa Fe,Activa
917,473,MX0000090117,Inversion,2026-06-03 03:35:34.843276,Banca Digital,Activa
918,475,MX0000090118,Ahorro,2026-02-07 03:35:34.843276,Sucursal Santa Fe,Activa
919,484,MX0000090119,Inversion,2025-10-26 03:35:34.843276,Sucursal Sur,Activa
920,488,MX0000090120,Cheques,2025-11-24 03:35:34.843276,Sucursal Centro,Activa
921,489,MX0000090121,Ahorro,2025-05-02 03:35:34.843276,Sucursal Centro,Activa
922,491,MX0000090122,Ahorro,2027-04-01 03:35:34.843276,Sucursal Polanco,Activa
923,494,MX0000090123,Ahorro,2024-04-17 03:35:34.843276,Sucursal Sur,Activa
924,496,MX0000090124,Cheques,2025-03-22 03:35:34.843276,Sucursal Sur,Activa
925,497,MX0000090125,Cheques,2026-04-06 03:35:34.843276,Sucursal Centro,Activa
926,501,MX0000090126,Cheques,2025-12-27 03:35:34.843276,Sucursal Centro,Activa
927,504,MX0000090127,Inversion,2024-11-01 03:35:34.843276,Banca Digital,Activa
928,506,MX0000090128,Inversion,2025-09-06 03:35:34.843276,Sucursal Polanco,Activa
929,507,MX0000090129,Cheques,2026-05-18 03:35:34.843276,Sucursal Sur,Activa
930,517,MX0000090130,Cheques,2027-03-15 03:35:34.843276,Sucursal Sur,Activa
931,518,MX0000090131,Inversion,2024-07-22 03:35:34.843276,Sucursal Centro,Activa
932,521,MX0000090132,Cheques,2026-07-26 03:35:34.843276,Sucursal Sur,Activa
933,523,MX0000090133,Inversion,2024-10-18 03:35:34.843276,Banca Digital,Activa
934,526,MX0000090134,Cheques,2024-08-25 03:35:34.843276,Banca Digital,Activa
935,528,MX0000090135,Cheques,2025-10-19 03:35:34.843276,Banca Digital,Activa
936,529,MX0000090136,Cheques,2027-01-29 03:35:34.843276,Sucursal Polanco,Activa
937,530,MX0000090137,Cheques,2024-01-14 03:35:34.843276,Sucursal Santa Fe,Activa
938,531,MX0000090138,Inversion,2026-09-09 03:35:34.843276,Sucursal Centro,Activa
939,539,MX0000090139,Cheques,2027-06-17 03:35:34.843276,Sucursal Norte,Activa
940,542,MX0000090140,Cheques,2024-03-04 03:35:34.843276,Sucursal Norte,Activa
941,544,MX0000090141,Cheques,2025-11-11 03:35:34.843276,Sucursal Santa Fe,Activa
942,547,MX0000090142,Inversion,2025-03-24 03:35:34.843276,Sucursal Norte,Activa
943,554,MX0000090143,Ahorro,2025-07-19 03:35:34.843276,Sucursal Sur,Activa
944,558,MX0000090144,Inversion,2026-05-29 03:35:34.843276,Sucursal Santa Fe,Activa
945,559,MX0000090145,Inversion,2026-11-06 03:35:34.843276,Sucursal Sur,Activa
946,560,MX0000090146,Cheques,2027-02-09 03:35:34.843276,Sucursal Santa Fe,Activa
947,562,MX0000090147,Inversion,2026-07-02 03:35:34.843276,Sucursal Sur,Activa
948,563,MX0000090148,Ahorro,2025-07-07 03:35:34.843276,Sucursal Norte,Activa
949,566,MX0000090149,Inversion,2025-10-21 03:35:34.843276,Banca Digital,Activa
950,568,MX0000090150,Cheques,2025-09-28 03:35:34.843276,Sucursal Norte,Activa
951,571,MX0000090151,Cheques,2024-09-14 03:35:34.843276,Sucursal Norte,Activa
952,574,MX0000090152,Ahorro,2026-04-02 03:35:34.843276,Sucursal Santa Fe,Activa
953,576,MX0000090153,Ahorro,2024-09-14 03:35:34.843276,Sucursal Sur,Activa
954,577,MX0000090154,Cheques,2025-09-28 03:35:34.843276,Sucursal Santa Fe,Activa
955,578,MX0000090155,Ahorro,2025-06-15 03:35:34.843276,Banca Digital,Activa
956,581,MX0000090156,Inversion,2024-06-16 03:35:34.843276,Sucursal Norte,Activa
957,582,MX0000090157,Cheques,2026-09-12 03:35:34.843276,Sucursal Santa Fe,Activa
958,588,MX0000090158,Cheques,2026-08-15 03:35:34.843276,Banca Digital,Activa
959,589,MX0000090159,Inversion,2025-03-04 03:35:34.843276,Sucursal Polanco,Activa
960,591,MX0000090160,Inversion,2027-03-06 03:35:34.843276,Sucursal Norte,Activa
961,597,MX0000090161,Ahorro,2024-12-10 03:35:34.843276,Banca Digital,Activa
962,598,MX0000090162,Cheques,2025-05-08 03:35:34.843276,Sucursal Sur,Activa
963,601,MX0000090163,Ahorro,2025-10-27 03:35:34.843276,Sucursal Centro,Activa
964,602,MX0000090164,Cheques,2025-09-28 03:35:34.843276,Sucursal Sur,Activa
965,603,MX0000090165,Inversion,2024-07-19 03:35:34.843276,Sucursal Centro,Activa
966,605,MX0000090166,Ahorro,2025-11-01 03:35:34.843276,Sucursal Santa Fe,Activa
967,608,MX0000090167,Ahorro,2025-02-10 03:35:34.843276,Banca Digital,Activa
968,610,MX0000090168,Ahorro,2025-12-31 03:35:34.843276,Sucursal Polanco,Activa
969,613,MX0000090169,Inversion,2026-10-02 03:35:34.843276,Sucursal Polanco,Activa
970,621,MX0000090170,Inversion,2027-02-08 03:35:34.843276,Sucursal Centro,Activa
971,625,MX0000090171,Cheques,2026-06-29 03:35:34.843276,Sucursal Norte,Activa
972,631,MX0000090172,Inversion,2026-04-05 03:35:34.843276,Sucursal Centro,Activa
973,632,MX0000090173,Cheques,2024-08-24 03:35:34.843276,Banca Digital,Activa
974,634,MX0000090174,Cheques,2024-12-30 03:35:34.843276,Sucursal Norte,Activa
975,636,MX0000090175,Inversion,2026-01-14 03:35:34.843276,Sucursal Santa Fe,Activa
976,637,MX0000090176,Ahorro,2025-07-04 03:35:34.843276,Sucursal Sur,Activa
977,639,MX0000090177,Cheques,2024-08-29 03:35:34.843276,Banca Digital,Activa
978,640,MX0000090178,Ahorro,2026-06-22 03:35:34.843276,Sucursal Santa Fe,Activa
979,643,MX0000090179,Cheques,2027-01-16 03:35:34.843276,Sucursal Sur,Activa
980,649,MX0000090180,Inversion,2024-04-28 03:35:34.843276,Banca Digital,Activa
981,650,MX0000090181,Inversion,2026-02-17 03:35:34.843276,Sucursal Norte,Activa
982,663,MX0000090182,Inversion,2024-05-04 03:35:34.843276,Banca Digital,Activa
983,665,MX0000090183,Ahorro,2024-06-26 03:35:34.843276,Sucursal Polanco,Activa
984,666,MX0000090184,Inversion,2026-03-31 03:35:34.843276,Banca Digital,Activa
985,673,MX0000090185,Cheques,2026-08-10 03:35:34.843276,Sucursal Norte,Activa
986,679,MX0000090186,Cheques,2025-07-15 03:35:34.843276,Banca Digital,Activa
987,684,MX0000090187,Inversion,2025-03-10 03:35:34.843276,Sucursal Centro,Activa
988,689,MX0000090188,Cheques,2026-09-17 03:35:34.843276,Sucursal Sur,Activa
989,690,MX0000090189,Ahorro,2024-10-11 03:35:34.843276,Sucursal Sur,Activa
990,691,MX0000090190,Cheques,2026-05-02 03:35:34.843276,Banca Digital,Activa
991,693,MX0000090191,Ahorro,2025-01-19 03:35:34.843276,Sucursal Norte,Activa
992,698,MX0000090192,Cheques,2026-09-14 03:35:34.843276,Sucursal Sur,Activa
993,699,MX0000090193,Ahorro,2026-07-12 03:35:34.843276,Sucursal Centro,Activa
994,701,MX0000090194,Ahorro,2025-10-18 03:35:34.843276,Sucursal Norte,Activa
995,702,MX0000090195,Inversion,2025-04-19 03:35:34.843276,Sucursal Centro,Activa
996,703,MX0000090196,Cheques,2026-10-28 03:35:34.843276,Sucursal Centro,Activa
997,709,MX0000090197,Ahorro,2026-01-30 03:35:34.843276,Sucursal Polanco,Activa
998,715,MX0000090198,Cheques,2025-09-05 03:35:34.843276,Sucursal Sur,Activa
999,721,MX0000090199,Cheques,2026-09-01 03:35:34.843276,Sucursal Sur,Activa
1000,727,MX0000090200,Cheques,2024-11-23 03:35:34.843276,Sucursal Polanco,Activa
1001,729,MX0000090201,Cheques,2026-04-01 03:35:34.843276,Sucursal Sur,Activa
1002,731,MX0000090202,Cheques,2027-01-16 03:35:34.843276,Sucursal Polanco,Activa
1003,732,MX0000090203,Ahorro,2026-08-16 03:35:34.843276,Sucursal Sur,Activa
1004,740,MX0000090204,Ahorro,2027-02-23 03:35:34.843276,Sucursal Polanco,Activa
1005,741,MX0000090205,Cheques,2025-08-16 03:35:34.843276,Sucursal Centro,Activa
1006,744,MX0000090206,Inversion,2025-11-15 03:35:34.843276,Sucursal Centro,Activa
1007,754,MX0000090207,Cheques,2026-02-21 03:35:34.843276,Sucursal Polanco,Activa
1008,757,MX0000090208,Ahorro,2026-08-31 03:35:34.843276,Sucursal Polanco,Activa
1009,762,MX0000090209,Inversion,2025-11-20 03:35:34.843276,Sucursal Santa Fe,Activa
1010,765,MX0000090210,Ahorro,2024-09-16 03:35:34.843276,Sucursal Norte,Activa
1011,766,MX0000090211,Cheques,2026-07-26 03:35:34.843276,Banca Digital,Activa
1012,768,MX0000090212,Cheques,2024-10-20 03:35:34.843276,Sucursal Norte,Activa
1013,772,MX0000090213,Ahorro,2024-05-05 03:35:34.843276,Sucursal Norte,Activa
1014,776,MX0000090214,Inversion,2024-12-05 03:35:34.843276,Sucursal Santa Fe,Activa
1015,778,MX0000090215,Ahorro,2024-11-23 03:35:34.843276,Sucursal Santa Fe,Activa
1016,781,MX0000090216,Ahorro,2024-06-24 03:35:34.843276,Sucursal Sur,Activa
1017,782,MX0000090217,Ahorro,2026-11-25 03:35:34.843276,Sucursal Sur,Activa
1018,786,MX0000090218,Ahorro,2026-01-23 03:35:34.843276,Sucursal Santa Fe,Activa
1019,789,MX0000090219,Cheques,2026-12-31 03:35:34.843276,Banca Digital,Activa
1020,791,MX0000090220,Inversion,2025-07-12 03:35:34.843276,Sucursal Santa Fe,Activa
1021,792,MX0000090221,Ahorro,2025-09-24 03:35:34.843276,Sucursal Centro,Activa
1022,795,MX0000090222,Cheques,2026-02-19 03:35:34.843276,Sucursal Centro,Activa
1023,798,MX0000090223,Ahorro,2025-02-13 03:35:34.843276,Sucursal Sur,Activa
