ciudad,estado_republica,es_ciudad_alto_riesgo,num_clientes,ingreso_promedio_declarado
Chihuahua,Chihuahua,f,30,243931.92
Leon,Guanajuato,f,30,179407.44
Ecatepec de Morelos,Estado de Mexico,t,44,80162.45
Ciudad de Mexico,Ciudad de Mexico,f,144,166150.30
Monterrey,Nuevo Leon,f,92,389034.92
Queretaro,Queretaro,f,52,33501.86
Reynosa,Tamaulipas,t,33,247792.63
Tijuana,Baja California,t,36,47723.49
Culiacan,Sinaloa,t,27,59730.99
Puebla,Puebla,f,48,220375.46
Guadalajara,Jalisco,f,80,109721.40
Aguascalientes,Aguascalientes,f,36,86655.82
Merida,Yucatan,f,50,141289.64
Cancun,Quintana Roo,f,47,249080.99
Toluca,Estado de Mexico,f,51,212030.72
