socio_id,cliente_id,nombre_socio,porcentaje_participacion,es_beneficiario_final_ubo,pais_nacionalidad_id,en_lista_negra
1,4,Karla Torres,53.80,t,1,f
2,4,Carlos Perez,62.79,t,1,f
3,4,Luis Garcia,57.51,t,1,f
4,16,Jose Martinez,68.74,t,1,f
5,16,Maria Martinez,31.96,t,1,f
6,21,Ana Perez,68.51,t,1,f
7,21,Miguel Hernandez,36.47,t,1,f
8,21,Fernanda Garcia,67.32,t,1,f
9,29,Fernanda Hernandez,47.06,t,1,f
10,29,Karla Sanchez,71.89,t,1,f
11,32,Juan Lopez,38.49,t,1,f
12,32,Carlos Sanchez,10.27,f,1,f
13,32,Jose Sanchez,67.95,t,14,f
15,67,Juan Ramirez,15.91,f,1,f
16,69,Ana Sanchez,22.15,f,1,f
17,69,Ana Flores,28.42,t,1,f
18,69,Juan Torres,77.20,t,1,f
19,79,Karla Lopez,42.58,t,1,f
20,79,Fernanda Ramirez,40.05,t,12,f
21,84,Juan Perez,26.36,t,15,f
23,84,Karla Hernandez,13.63,f,1,f
24,88,Juan Lopez,15.14,f,1,f
25,88,Jose Ramirez,70.77,t,1,f
26,95,Luis Torres,31.78,t,1,f
27,95,Miguel Lopez,59.26,t,1,f
28,95,Karla Gonzalez,13.86,f,1,f
29,105,Juan Sanchez,35.05,t,1,f
30,105,Laura Flores,47.90,t,1,f
31,114,Ana Hernandez,16.31,f,1,f
32,114,Karla Perez,44.48,t,1,f
33,114,Carlos Garcia,40.71,t,1,f
34,127,Carlos Garcia,43.40,t,1,f
35,127,Miguel Sanchez,64.11,t,1,f
36,142,Fernanda Martinez,35.52,t,1,f
37,142,Jose Gonzalez,20.59,f,1,f
38,142,Miguel Gonzalez,64.89,t,1,f
39,161,Miguel Garcia,22.81,f,1,f
40,161,Ana Ramirez,22.25,f,1,f
41,166,Jose Garcia,10.69,f,1,f
42,166,Maria Flores,37.77,t,1,f
43,166,Jose Perez,35.38,t,1,f
45,196,Miguel Hernandez,28.29,t,1,f
46,197,Fernanda Flores,27.45,t,1,f
47,197,Juan Lopez,25.03,t,1,f
48,197,Maria Torres,72.55,t,1,f
49,207,Fernanda Lopez,27.59,t,12,f
50,207,Carlos Martinez,45.71,t,1,f
51,211,Miguel Torres,41.92,t,1,f
52,211,Karla Gonzalez,74.59,t,1,f
53,211,Fernanda Sanchez,24.70,f,1,f
54,220,Carlos Flores,41.09,t,1,f
55,220,Laura Flores,13.39,f,1,f
56,227,Luis Ramirez,45.72,t,1,f
57,227,Jose Gonzalez,71.68,t,1,f
58,227,Karla Martinez,65.48,t,1,f
59,232,Maria Martinez,73.32,t,1,f
60,232,Jose Sanchez,28.87,t,1,f
61,243,Karla Martinez,49.48,t,1,f
62,243,Luis Sanchez,18.40,f,1,f
63,243,Luis Torres,54.87,t,1,f
64,248,Miguel Martinez,42.54,t,1,f
65,248,Luis Hernandez,51.60,t,1,f
66,252,Ana Martinez,16.38,f,1,f
67,252,Miguel Lopez,43.91,t,1,f
68,252,Laura Sanchez,59.90,t,1,f
69,259,Laura Gonzalez,41.40,t,1,f
70,259,Laura Hernandez,74.57,t,1,f
71,261,Miguel Flores,24.06,f,1,f
72,261,Karla Flores,79.83,t,1,f
73,261,Luis Sanchez,76.26,t,1,f
74,272,Carlos Hernandez,24.04,f,12,f
75,272,Karla Perez,45.41,t,1,f
76,283,Carlos Gonzalez,29.44,t,1,f
77,283,Ana Martinez,42.89,t,16,f
78,283,Maria Lopez,32.77,t,1,f
79,284,Maria Flores,18.98,f,1,f
80,284,Maria Martinez,20.47,f,1,f
81,294,Fernanda Torres,15.60,f,1,f
82,294,Juan Garcia,64.84,t,1,f
84,296,Luis Martinez,23.08,f,1,f
85,296,Carlos Torres,45.88,t,1,f
86,314,Luis Sanchez,10.09,f,1,f
87,314,Luis Gonzalez,19.94,f,16,f
88,314,Laura Lopez,79.94,t,1,f
89,321,Miguel Garcia,77.35,t,1,f
90,321,Luis Flores,38.64,t,1,f
91,330,Miguel Flores,37.98,t,1,f
92,330,Maria Ramirez,78.56,t,1,f
93,330,Fernanda Hernandez,30.14,t,1,f
94,357,Fernanda Flores,73.78,t,1,f
95,357,Miguel Sanchez,27.85,t,1,f
96,361,Laura Garcia,23.79,f,1,f
97,361,Miguel Flores,52.19,t,1,f
98,361,Juan Hernandez,28.39,t,1,f
99,414,Carlos Perez,19.05,f,1,f
100,414,Fernanda Sanchez,62.83,t,1,f
102,422,Karla Martinez,73.32,t,1,f
104,441,Maria Hernandez,36.41,t,1,f
105,441,Maria Lopez,50.51,t,1,f
106,454,Fernanda Sanchez,68.52,t,1,f
107,454,Carlos Perez,36.37,t,1,f
108,454,Maria Sanchez,75.96,t,1,f
109,456,Luis Perez,33.34,t,1,f
110,456,Miguel Hernandez,28.51,t,1,f
111,461,Miguel Perez,58.31,t,1,f
112,461,Laura Perez,24.97,f,1,f
113,461,Juan Ramirez,22.00,f,1,f
114,467,Carlos Sanchez,12.92,f,1,f
115,467,Fernanda Torres,27.28,t,1,f
116,468,Maria Perez,54.93,t,1,f
117,468,Jose Perez,73.25,t,1,f
118,468,Karla Hernandez,27.64,t,1,f
119,472,Carlos Lopez,48.02,t,1,f
120,472,Carlos Torres,74.68,t,1,f
121,474,Ana Hernandez,40.76,t,1,f
122,474,Jose Hernandez,24.34,f,1,f
123,474,Jose Ramirez,77.47,t,1,f
124,475,Juan Lopez,38.11,t,1,f
125,475,Miguel Hernandez,34.11,t,1,f
126,476,Laura Flores,25.20,t,1,f
127,476,Carlos Perez,55.07,t,1,f
128,476,Luis Garcia,27.41,t,1,f
129,481,Miguel Garcia,60.60,t,1,f
130,481,Karla Ramirez,56.88,t,1,f
131,500,Luis Torres,76.94,t,1,f
132,500,Carlos Gonzalez,33.23,t,1,f
133,500,Ana Torres,24.61,f,1,f
134,520,Karla Hernandez,61.89,t,1,f
135,520,Maria Ramirez,74.18,t,1,f
136,536,Luis Torres,34.06,t,1,f
137,536,Ana Lopez,32.46,t,1,f
138,536,Carlos Perez,20.76,f,1,f
139,542,Fernanda Flores,78.49,t,1,f
140,542,Juan Sanchez,16.54,f,1,f
141,543,Ana Ramirez,40.64,t,1,f
142,543,Luis Gonzalez,30.17,t,1,f
143,543,Karla Perez,57.19,t,14,f
144,552,Karla Lopez,23.72,f,1,f
145,552,Luis Sanchez,26.81,t,1,f
146,560,Miguel Torres,75.16,t,1,f
147,560,Luis Torres,59.71,t,1,f
148,560,Juan Gonzalez,27.61,t,1,f
149,567,Carlos Ramirez,17.35,f,1,f
150,567,Luis Flores,27.04,t,1,f
151,583,Maria Sanchez,56.66,t,1,f
152,583,Karla Sanchez,77.08,t,1,f
153,583,Laura Lopez,70.60,t,12,f
154,586,Maria Sanchez,46.08,t,1,f
155,586,Maria Garcia,20.69,f,1,f
156,622,Laura Flores,60.21,t,1,f
157,622,Miguel Flores,77.90,t,1,f
158,622,Carlos Ramirez,38.25,t,1,f
159,625,Miguel Ramirez,49.54,t,1,f
160,625,Jose Lopez,42.28,t,1,f
161,630,Carlos Martinez,38.90,t,1,f
162,630,Karla Perez,56.36,t,1,f
163,630,Maria Torres,16.93,f,1,f
164,639,Jose Martinez,48.73,t,1,f
165,639,Luis Perez,33.59,t,1,f
166,642,Fernanda Ramirez,14.22,f,1,f
167,642,Laura Lopez,29.92,t,1,f
168,642,Carlos Torres,64.35,t,1,f
169,643,Ana Lopez,33.61,t,1,f
170,643,Karla Garcia,58.02,t,1,f
171,653,Fernanda Perez,58.49,t,16,f
172,653,Miguel Flores,23.95,f,1,f
173,653,Ana Ramirez,45.26,t,1,f
174,661,Miguel Torres,64.33,t,1,f
175,661,Juan Perez,52.37,t,1,f
176,669,Carlos Martinez,35.11,t,1,f
178,669,Miguel Ramirez,66.02,t,1,f
179,670,Fernanda Garcia,11.71,f,1,f
180,670,Luis Garcia,37.00,t,1,f
181,688,Luis Garcia,67.22,t,1,f
182,688,Karla Lopez,41.93,t,1,f
184,692,Laura Torres,48.78,t,1,f
185,692,Fernanda Flores,32.32,t,1,f
186,702,Miguel Ramirez,44.24,t,1,f
187,702,Laura Sanchez,30.20,t,1,f
188,702,Miguel Sanchez,12.25,f,15,f
189,704,Carlos Lopez,33.83,t,1,f
190,704,Miguel Martinez,35.39,t,1,f
191,713,Luis Hernandez,36.54,t,12,f
192,713,Juan Lopez,13.56,f,1,f
193,713,Juan Lopez,41.83,t,1,f
194,714,Karla Flores,75.20,t,1,f
196,722,Juan Hernandez,30.68,t,1,f
197,722,Ana Sanchez,65.11,t,1,f
198,722,Maria Lopez,78.58,t,1,f
199,734,Maria Gonzalez,22.84,f,1,f
200,734,Luis Lopez,28.34,t,1,f
201,741,Juan Garcia,58.17,t,1,f
202,741,Miguel Hernandez,67.94,t,16,f
203,741,Laura Gonzalez,55.14,t,1,f
204,757,Jose Sanchez,17.31,f,1,f
205,757,Carlos Flores,24.64,f,1,f
206,775,Ana Martinez,49.28,t,1,f
207,775,Jose Garcia,56.22,t,1,f
208,775,Juan Hernandez,72.65,t,1,f
209,783,Luis Perez,15.71,f,1,f
210,783,Karla Perez,40.86,t,1,f
211,790,Maria Ramirez,23.10,f,1,f
212,790,Luis Flores,11.01,f,1,f
213,790,Carlos Lopez,35.11,t,1,f
14,67,Maria Hernandez,17.48,f,1,t
22,84,Juan Martinez,61.65,t,1,t
44,196,Juan Lopez,18.16,f,1,t
83,294,Luis Flores,21.10,f,1,t
101,422,Juan Sanchez,55.99,t,1,t
103,422,Carlos Flores,24.42,f,1,t
177,669,Ana Ramirez,16.54,f,1,t
183,688,Juan Sanchez,63.33,t,1,t
195,714,Fernanda Gonzalez,48.46,t,1,t
